Nr;Ungültige;;;;SPD Erst 2009;SPD Erst 2005;SPD Zweit 2009;SPD Zweit 2005;CDU;;;;FDP;;;;DIE LINKE;;;;GRÃœNE;;;;CSU;;;;NPD;;;;REP;;;;FAMILIE;;;;Die Tierschutzpartei;;;;PBC;;;;MLPD;;;;BÃ¼So;;;;BP;;;;PSG;;;;Volksabstimmung;;;;ZENTRUM;;;;ADM;;;;CM;;;;DKP;;;;DVU;;;;DIE VIOLETTEN;;;;FWD;;;;Ã¶dp;;;;PIRATEN;;;;RRP;;;;RENTNER;;;;Freie Union;;;;Keine;;;
;Erststimmen;;Zweitstimmen;;SPD;;;;CDU;;;;FDP;;;;DIE LINKE;;;;GRÃœNE;;;;CSU;;;;NPD;;;;REP;;;;FAMILIE;;;;Die Tierschutzpartei;;;;PBC;;;;MLPD;;;;BÃ¼So;;;;BP;;;;PSG;;;;Volksabstimmung;;;;ZENTRUM;;;;ADM;;;;CM;;;;DKP;;;;DVU;;;;DIE VIOLETTEN;;;;FWD;;;;Ã¶dp;;;;PIRATEN;;;;RRP;;;;RENTNER;;;;Freie Union;;;;KEINE;;;
1;Endgültig;Vorperiode;Endgültig;Vorperiode;52139;74802;41793;66099;61793;74480;51068;61535;15292;5347;24187;16397;11918;6150;13481;8120;16399;7068;21967;13597;;;;;1302;1306;1240;1359;;;;;;;;2025;;;;;;;;;;;47;99;;;;;;;;;;;;;;;;;369;;;;;;;;;;;;;;;;;;159;;;;;;;;;;;;;;;;3385;;;;;;;;1821;;;;;;;;;
2;4117;2674;4181;2596;36642;56380;32239;51307;56751;67786;47947;59034;15184;5907;22605;14270;8208;4542;8836;5475;12840;5670;14927;8854;;;;;1231;1213;1126;1190;;;;;;;;1508;;;;;;;;;;;53;82;;;;;;;;;;;;;;;;;;;;;;;;;;;;;;;;;;;194;;;;;;;;;;;;;;;;2233;;;;;;;;1293;;;;;;433;;;
3;3382;2280;3218;2058;37277;56428;31282;49715;49779;61471;43480;53340;16037;6024;21970;14701;8896;4899;9808;6288;10665;4480;12899;8979;;;;;1603;1471;1512;1665;;;;;;2143;;2129;;;;;;;;;;;44;89;;;;;;;;;;;;;;;;;;;;;;;;;;;;;;;;;;;142;;;;;;;;;;;;;;;;2549;;;;;;;;1604;;;;;;715;;;
4;3348;2098;3030;2108;47610;68480;39253;59001;58876;69082;49789;59743;14317;5607;23442;15507;8729;5106;9821;6522;14790;6164;18751;12613;;;;;1344;1454;1220;1457;;;;;;;;1835;;;;;;;;;;;55;101;;;;;;;;;;;;;;;;;;;;;;;;;;;;;;;;;;;136;;;;;;;;;;;;;;;;2985;;;;;;;;1540;;;;;;948;761;;
5;3404;2187;3026;2062;54398;75473;42369;61777;42733;50437;36397;42945;12188;4509;19156;13190;11817;6103;13430;8899;18699;9196;24659;18995;;;;;1392;1313;1275;1377;;;;;;1759;;1657;;;;;;;;;;;80;152;;;;;;;;;;;;;;;;;;;;;;;;;;;;;;;;;;;139;;;;;;;;;;;;;;;;4267;;;;;;;;1448;;;;;;814;;;
6;3442;2250;2263;2048;41683;63207;35557;53258;48136;57110;40110;48910;12515;4798;19772;12945;7871;;8936;6009;12187;5166;15701;10345;;;;;1363;1800;1315;1526;;;;;;2341;;1778;;;;;;;;;;;42;111;;;;;;;;;;;;;;;;;;;;;;;;;;;;;;;;;;;131;;;;;;;;;;;;;;;;2281;;;;;;;;1095;;;;;;924;;;
7;3292;2560;3031;2100;54950;78236;45540;68570;70458;80935;57203;67534;17018;6743;28640;18796;11794;6142;13412;8043;16143;9118;20978;16610;;;;;1912;1789;1743;1770;;;;;;;;1906;;;;;;;;;;;56;93;;;;;;;;;;;;;;;;;;;;;;;;;;;;;;;;;;;193;;;;;;;;;;;;;;;;3659;;;;;;;;1571;;;;;;529;;;
8;3384;2646;3193;2287;54065;79520;44445;68214;70290;81812;58225;68553;20084;7530;31407;21167;12527;5971;14280;8166;16633;7522;21245;16110;;;;;1797;1550;1687;1707;;;;;;2548;;2517;;;;;;;;;;;58;91;;;;;;;;;;;;;;;;;;;;;;;;;;;;;;;;;;;233;;;;;;;;;;;;;;;;3598;;;;;;;;1814;;;;;;1225;;;
9;3674;2179;3303;2107;43765;61947;36329;53947;49363;60608;42193;52564;14397;5402;22701;14442;8235;4363;9342;5794;10411;3798;13651;9353;;;;;1270;1201;1192;1350;;;;;;1716;;1608;;;;;;;;;;;43;65;;;;;;;;;;;;;;;;;;;;;;;;;;;;;;;;;;;132;;;;;;;;;;;;;;;;2062;;;;;;;;1178;;;;;;433;;;
10;4043;1930;3094;1842;53073;82387;45354;67206;70874;83029;59075;69894;19742;8955;30714;21046;12351;;13855;8203;18761;9499;22240;17328;;;;;2330;3078;2126;2308;;;;;;;;1808;;;;;;;;;;;48;106;;;;;;;;;;;;;;;;;;;;;;;;;;;;;;;;;;;204;;553;;;;;;;;;;;;;;3248;;;;;;;;1445;;;;;;;;;
11;3884;3409;3259;2458;44393;64442;36578;56267;36745;46254;32970;40458;13296;4493;17173;10859;10973;5358;12002;7236;14098;5664;16764;11928;;;;;1595;1322;1412;1352;;;;;;2249;;1488;;;;;;;;;;;90;142;;;;;;;;;;;;;;;;;;;;;;;;;;;;;;;;;;;144;;;;;;;;;;;;;;;;3010;;;;;;;;1197;;;;;;;;;
12;3524;2286;3284;2338;27590;57998;25047;54101;45383;44656;44340;43197;9969;7999;12865;9610;40419;33509;38466;33906;6520;4322;7139;6446;;;;;3976;5085;3766;4829;;;195;;;;;;;;;;;;;403;;;246;404;;;;;;;;;;;;;;;;;;;;;;;;;;;;;;;;;;;;;;;;;;;;;;;;;;;2745;;;;;;;;;;;;;;618;;;893
13;2448;2989;2114;2769;30247;54180;24464;49324;34633;35360;36653;34064;9401;5158;11405;7781;33681;28167;32623;28978;6353;3466;6833;6102;;;;;3945;4509;3598;4431;;;198;;;;;;;;;;;;;406;;;211;358;;;;;;;;;;;;;;;;;;;;;;;;;;;;;;;;;;;;;;;;;;;;;;;;;;;2579;;;;;;;;;;;;;;;1306;;966
14;2032;2596;1728;2332;25389;51623;23223;53531;34517;35053;34759;31419;8517;5656;12234;7436;41539;30578;40045;32859;13727;12917;10772;7483;;;;;3215;;2999;2768;;;177;;;;;;;;;;;;;313;554;1179;324;576;;;;;;;;;;;;;;;;;;;;;;;;;;;;;;;;;;;;;;;;;;;;;;;;;;;4215;;;;;;;;;;;;;;1044;;;1205
15;2157;2562;1911;1978;14040;35028;15048;35478;57865;57131;43650;47783;5668;4078;13087;10351;30935;32850;33522;33294;3735;2734;5349;4404;;;;;3262;4787;3434;5033;;;236;;;;;;;;;;;;;384;;;210;454;;;;;;;;;;;;;;;;;;;;;;;;;;;;;;;;;;;;;;;;;;;;;;;;;;;2564;;;;;;;;;;;;;;1801;1692;;1016
16;2063;3056;2269;3159;15995;36308;14941;35419;46147;53000;44679;50875;10414;7946;12686;9502;35385;34543;34198;33863;5736;3855;6241;4718;;;;;5552;6865;5274;6459;;;301;;;;;;;;;;;;;417;;;212;401;;;;;;;;;;;;;;;;;;;;;;;;;;;;;;;;;;;;;;;;;;;;;;;;;;;2968;;;;;;;;;;;;;;2135;;;995
17;2460;3111;2324;2979;28457;50836;22778;48027;45176;48653;44654;46295;9485;5820;13038;9470;35601;34824;36412;35020;6255;4252;6762;5989;;;;;4118;5261;3869;5071;;;237;;;;;;;;;;;740;;658;;;277;407;;;;;;;;;;;;;;;;;;;;;;;;;;;;;;;;;;;;;;;;;;;;;523;;;;;;2525;;;;;;;;;;;;;;647;1072;;835
18;2616;3268;2326;2954;19696;40157;18106;38950;38102;42316;38746;39683;8015;6183;9888;7899;37851;36734;36270;36782;4500;3358;4745;4237;;;;;5733;6437;5283;6156;;;239;;;;;;;;;;;;;400;;;250;349;;;;;;;;;;;;;;;;;;;;;;;;;;;;;;;;;;;;;;;;;;;;;;;;;;;2467;;;;;;;;;;;;;;1643;;;856
19;2691;3124;2237;2997;56809;87748;46419;74573;43587;48762;38689;42351;12818;6407;19105;13806;21718;10869;22702;13967;27213;20230;27865;27703;;;;;2348;2433;1822;2201;;;;;;;;;;;;1540;;;;;;;132;117;;;;;;;;;;;;;;;;;;;;;;;;;;;;;;;;;;;243;;;;;;;;;;;;675;;;;6303;;;;;;;;1176;;;;;;;715;;1108
20;2727;2588;2089;2386;46522;61936;32633;47600;38969;45468;33916;38333;10517;4444;17028;12185;12605;6492;15670;8914;17799;15507;24462;25387;;;;;771;973;795;951;;;;;;;;;;;;853;;;;;158;;84;86;151;;;;;;;;;;;;;;;;;;;;;;;;;;;;;;;;;;104;;;;;;;;;;709;;545;;;;3344;;;;;;;;755;;;;;;954;;;728
21;1475;1552;1294;1335;33364;65610;37722;54488;43714;49039;37695;40058;11732;5297;18851;13841;12540;6366;14732;8977;36518;18249;25819;26223;;;;;969;1068;799;910;;;;;;;;;;;;936;;;;;;;70;54;;;;;;;;;;;;;;;;;;;;;;;;;;;;;;;;;;;144;;;;;;;;;;;;428;;;;3531;;;;;;;;934;;;;;;1295;;;530
22;1891;1725;1298;1337;53469;72148;40909;58596;61873;65788;50174;53812;12766;6003;25269;18089;10805;5602;13429;7951;21268;16177;26306;26143;;;;;1010;1053;794;979;;;;;;;;;;;;945;;;;;;;46;46;;;;;;;;;;;;;;;;;;;;;;;;;;;;;;;;;;;152;;;;;;;;;;;;411;;;;3289;;;;;;;;876;;;;;;;;;432
23;1821;1581;1357;1359;51460;79926;42705;65105;53958;57577;44770;49305;11408;5648;20181;14572;14021;7542;16205;9827;13914;8237;17518;18519;;;;;1972;2256;1674;2171;;;;;;;;;;;;1350;;;;;;;50;53;;;;;;;;;;;;;;;;;;;;;;;;;;;;;;;;;;;261;;;;;;;;;;1190;;527;;;;3158;;;;;;;;1314;;;;;;;;;441
24;2126;2053;1686;1896;54965;79967;42554;65184;46303;53810;41423;48559;10727;5105;16709;12100;14430;7632;16358;9827;11728;7330;16484;16776;;;;;2111;2352;1795;2251;;;;;;;;;;;;1240;;460;;;;;63;85;500;;;;;;;;;;;;;;;;;;;;;;;;;;;;;;;;;;280;;;;;;;;;;;;402;;;;3543;;;;;;;;1517;;;;;;;;;586
25;2355;2428;1991;2476;57876;82618;50682;79448;33706;38467;32155;35368;9314;4441;13619;8800;13213;5516;14978;6357;14451;8748;13641;8868;;;;;1886;1660;1712;1606;;;;;;;;;;;1042;815;;;;270;;;32;80;;;;62;;;;;;;;;;;;;;;;;;;;;;;;;;;;;;;123;;;;;;;;;;;;123;;;;2015;;;;642;;;;;;;;;;;360;;552
26;2439;2689;2121;2273;47481;69621;44913;72167;73405;82559;63545;71136;15470;8246;20731;13634;12062;5742;14219;7137;11981;6246;12222;7242;;;;;1862;1920;1707;1915;;;;;;;;;;;1149;893;;979;;724;;;28;33;;;;59;;;;;;;;;;;;;;;;;;;;;;;;;;;;;;;152;;;;;;;;;;;;304;;;;2899;;;;648;;;;;;;;;;;;;491
27;2392;2413;2136;2295;51851;72454;40610;67133;42211;48472;38728;43900;12283;7187;19204;12846;12055;6004;13572;6962;9794;5480;12009;8409;;;;;1911;2413;1570;2146;;;;;;;;;;;1277;1052;;;;160;;;85;163;;;;92;;;;;;;;;;;;;;;;;;;;;;;;;;;;;;;106;;;;;;;;;;;;112;;;;2452;;;;1071;;;;;;;;;;;1623;;1119
28;2630;2938;1939;2589;49020;73355;42551;72316;55610;58364;44090;46510;13840;6341;22917;15308;14080;7963;15244;8583;21651;16369;24171;18185;;;;;1548;1595;1345;1592;;;;;;;;;;;1349;915;;;;186;;;53;81;;;;62;;;;;;;;;;;;;;;;;;;;;;;;;;;;;;;124;;;;;;;;;;;;192;;;;4000;;707;;821;;;;;;;;;;;;;627
29;1891;2219;1490;1841;55374;86321;45895;79652;56273;59327;49810;49561;16163;8741;23109;17836;13751;6856;15906;8398;14446;8209;16731;12405;;;;;2346;2123;2009;2142;;;;;;;;;;;1519;1099;;;;206;;;49;74;;;;74;;;;;;;;;;;;;;;;;;;;;;;;;;;;;;;171;;;;;;;;;;;;179;;;;2879;;1261;;1506;;;;;;;;;;;861;;961
30;1970;2882;1821;2912;50481;71891;40643;64724;51654;57968;46707;50370;10426;5438;17146;12349;10307;4078;11920;6447;8379;4962;11885;8966;;;;;1828;2372;1567;2011;;;;;;;;;;;1072;986;;;;173;;;28;45;;;;76;;;;;;;;;;;;;;;;;;;;;;;;;;;;;;;225;;;;;;;;;;;;173;;;;1938;;;;945;;;;;;;;;;847;;;764
31;1902;2087;1575;1885;46851;67942;37784;59776;62035;64002;51303;54446;9946;6488;20056;14467;9096;1551;10541;5701;9409;5918;14253;10658;;;;;2349;2692;2061;2139;;;;;;;;;;;999;842;;;;226;;;43;45;307;;;80;;;;;;;;;;;;;;;;;;;;;;;;;;;;;;;140;;;;;;;;;;;;170;;;;2503;;;;837;;;;;;;;;;431;;;707
32;1690;2048;1424;1554;43503;61236;39085;60408;91378;98882;79052;86520;13278;6167;23749;15042;8195;4315;9169;4897;9819;5848;11357;8212;;;;;1130;1287;1014;1237;;;;;;;;;;;853;761;;;;185;;;24;30;;;;58;;;;;;;;;;;;;;;;;;;;;;;;;;;;;;;78;;;;;;;;;;;;158;;;;2347;;;;642;;;;;;;;;;;;;440
33;1775;1981;1550;1926;28053;41988;24358;40084;91686;101777;80355;90513;12700;6177;23001;16071;6927;3018;7518;3602;6575;3723;7827;5227;;;;;1286;1248;1132;1219;;;;;;;;;;;766;613;;;;507;;;35;35;;;;50;;;;;;;;;;;;;;;;;;;;;;;;;;;;;;;85;;;;;;;;;;;;108;;;;1953;;;;372;;;;;;;;;;;;;408
34;1708;2376;1425;1978;48313;68750;38955;62773;52599;58684;47565;50311;15928;7454;22067;16092;9775;5418;11701;6577;11917;8329;13999;11070;;;;;1660;1735;1442;1782;;;;;;;;;;;1059;870;;;;315;;;27;56;;;;75;;;;;;;;;;;;;;;;;;;;;;;;;;;;;;;193;;;;;;;;;;;;143;;;;2435;;;;937;;;;;;;;;;;;;657
35;1646;1664;1315;1456;52397;73003;41979;65909;53080;52093;45908;45078;10787;7001;17889;13843;12242;6281;13830;7604;12318;9774;17053;13732;;;;;2417;2559;1981;2387;;;;;;;;;;;1228;975;;;;536;;;24;52;;;;82;;;;;;;;;;;;;;;;;;;;;;;;;;;;;;;187;;;;;;;;;;;;152;;;;2339;;;;976;;;;;;;;;;;;;744
36;1642;1813;1337;1582;42395;58134;33279;53117;48344;54385;42324;46769;9895;5507;16930;12409;8366;4417;9759;5229;9101;5260;12155;9164;;;;;2138;2173;1825;2019;;;;;;;;;;;1172;892;;518;;474;;;22;41;;;;66;;;;;;;;;;;;;;;;;;;;;;;;;;;;;;;167;;;;;;;;;;;;133;;;;2252;;;;597;;;;;;;;;;;;;466
37;1702;1836;1326;1584;45002;64462;36139;56250;59657;66788;50104;55816;15812;6599;24967;17501;9611;4904;10825;5771;13772;7065;18002;13324;;;;;1935;1879;1636;1687;;;;;;;;;;;1132;996;;539;;397;;;33;42;;;;69;;;;;;;;;;;;;;;;;;;;;;;;;;;;;;;177;;;;;;;;;;;;238;;;;2963;;1153;;1150;;;;;;;;;;;;;752
38;1976;1924;1552;1555;40411;61468;32321;54010;43229;49363;37291;42265;11242;5603;16323;12649;11935;7124;13166;8265;19645;11557;23543;16420;;;;;1860;1904;1594;1826;;;;;;;;;;;1002;798;;;;255;;;32;56;;;;60;;;;;;;;;;;;;;;;;;;;;;;;;;;;;;;135;;;;;;;;;;;;194;;;;2795;;1449;;1704;;;;;;;;;;;;;694
39;1695;1936;1366;1657;46028;61900;37936;57200;63175;71536;55599;62100;12940;6635;21117;15371;9006;4274;10211;5039;10393;6884;13227;10143;;;;;1382;1532;1243;1482;;;;;;;;;;;854;691;;;;466;;;26;21;;;;53;;;;;;;;;;;;;;;;;;;;;;;;;;;;;;;120;;;;;;;;;;;;190;;;;2268;;;;486;;;;;;;;;;;;;418
40;1706;1896;1353;1673;46979;67136;38000;60941;54522;61467;48398;54431;14823;8038;19941;14015;9918;4801;11878;5615;14282;9528;18463;14734;;;;;945;1120;848;1056;;;;;;;;;;;880;605;;;;286;;;18;61;;;;47;;;;;;;;;;;;;;;;;;;;;;;;;;;;;;;88;;;;;;;;;;;;216;;;;3168;;;;443;;;;;;;;;;658;;;516
41;1584;1865;1370;1648;58649;80280;46797;73126;52714;57237;45750;50643;8712;5374;17698;12548;8797;4637;10847;5618;10217;5190;13815;9457;;;;;2036;2363;1858;2369;;;;;;;;;;;1079;808;;;;432;;;42;45;;;;75;;;;;;;;;;;;;;;;;;;;;;;;;;;;;;;147;;;;;;;;;;;;183;;;;2454;;;;1352;;;;;;;;;;567;435;;583
42;1706;2024;1376;1836;50592;73195;40497;64477;42621;44061;34448;36313;9699;5419;16680;12349;10624;5565;12111;6666;13364;8333;19019;15356;;;;;1759;1731;1681;1658;;;;;;;;;;;1081;749;;;;312;176;207;88;92;;;;74;;;;;;;;;;;;;;;;;;;;;;;;;;;;;;;118;;;;;;;;;;;;190;;;;3102;;978;;973;;;;;;;;;;;;;772
43;1556;1855;1381;1548;55068;79249;41482;66004;44534;44250;33872;37099;8657;4629;16098;11689;12886;6305;14786;7969;15797;9943;24705;20271;;;;;1573;1583;1411;1428;;;;;;;;;;;1106;747;;;;293;;;137;106;;;;84;;;;;;;;;;;;;;;;;;;;;;;;;;;;;;;122;;;;;;;;;;;;221;;;;4368;;;;887;;;;;;;;;;417;;;623
44;1655;2006;1392;1652;67178;92505;53236;82786;66311;70840;58219;60292;14560;7931;24492;18205;11173;5466;12601;6554;11642;6100;16993;13112;;;;;2642;2501;2288;2297;;;;;;;;;;;1362;991;;;;442;;;46;57;;;;87;;;;;;;;;;;;;;;;;;;;;;;;;;;;;;;179;;;;;;;;;;;;301;;;;3137;;;;1139;;;;;;;;;;;;;868
45;2251;2382;1764;2034;50107;79449;42402;69053;68572;70623;55393;61932;11351;6156;22295;16195;10130;5477;11765;7086;10801;5275;14770;11021;;;;;2501;2489;2291;2614;;;;;;;;;;;1130;1000;;748;;560;;;40;52;;;;77;;;;;;;;;;;;;;;;;;;;;;;;;;;;;;;180;;;;;;;;;;;;190;;;;2957;;1684;;2023;;;;;;;;;;;;;715
46;1991;2006;1701;1918;64365;87957;52292;79969;58827;63355;53085;55810;10073;5354;17875;14026;11663;5984;13314;7193;9476;5645;14217;10509;;;;;2029;2192;1882;2232;;;;;;;;;;;1297;1037;838;1138;;851;;;41;67;;;;92;;;;;;;;;;;;;;;;;;;;;;;;;;;;;;;155;;;;;;;;;;;;181;;;;3359;;1346;;1497;;;;;;;;;;388;570;;676
47;2012;2478;1822;2211;55842;78435;47115;74129;49787;54582;41166;45916;10401;7248;19736;15170;11820;6737;12911;7057;10849;6815;13322;9756;;;;;2283;2321;1982;2283;;;;;;;;;;;1285;1049;;;;361;;;53;44;;;;66;;;;;;;;;;;;;;;;;;;;;;;;;;;;;;;146;;;;;;;;;;;;130;;;;2571;;;;820;;;;;;;;;;;;;577
48;2203;2623;1948;2353;73215;99465;59493;90630;65573;69840;57144;58796;12982;6658;22004;16590;11976;6429;13908;7164;12533;8000;18936;15028;;;;;2853;2834;2534;2634;;;;;;;;;;;1513;1157;;;;385;;;53;83;;;;101;;;;;;;;;;;;;;;;;;;;;;;;;;;;;;;181;;;;;;;;;;;;248;;;;3528;;1422;;1767;;;;;;;;;;502;;;970
49;2258;2637;2005;2325;64555;91383;54487;84440;60376;66053;52747;58261;10231;4929;18752;12909;11402;5481;13429;6781;14856;8630;17360;12684;;;;;2606;2289;2452;2315;;;;;;;;;;;1405;1041;;;;383;;;52;48;;;;74;;;;;;;;;;;;;;;;;;;;;;;;;;;;;;;152;;;;;;;;;;;;171;;;;3191;;1293;;1520;;;;;;;;;;;496;;709
50;2201;2978;1802;2594;69631;89068;53144;81279;50519;60671;47719;53365;9436;4466;16479;12572;12538;6896;15569;8596;9032;5718;13744;9317;;;;;2791;2680;2490;2704;;;;;;;;;;;1334;1087;;787;;528;;;34;75;;;;70;;;;;;;;;;;;;;;;;;;;;;;;;;;;;;;186;;;;;;;;;;;;129;;;;2812;;1163;;1771;;;;;;;;;;;;;755
51;2468;2918;2167;2856;53572;74710;39774;64679;47584;51257;40135;42048;7507;4414;15845;12344;10801;6376;13763;8096;12012;6613;19831;14421;;;;;1310;1579;1324;1597;;;;;;;;;;;1114;986;;;;230;118;233;77;127;;;;78;;;;;;;;;;;;;;;;;;;;;;;;;;;;;;;134;;;;;;;;;;;;184;;4214;;4962;;;;1270;;;;;;;;;;1094;;;791
52;1736;2168;1535;1953;46064;71846;42391;67936;52427;54172;45319;46352;8480;4718;14114;11368;10216;5607;11309;6567;10692;5414;11801;8297;;;;;3023;2782;2606;2601;;;;;;;;;;;1176;988;415;675;;442;;;46;62;;;;56;;;;;;;;;;;;;;;;;;;;;;;;;;;;;;;101;;;;;;;;;;;;112;;;;2905;;1748;;1591;;;;;;;;;;;;;763
53;2196;2809;1790;2591;60107;86432;50912;78632;54451;62869;46256;53595;12719;6791;21481;16163;14083;7359;14988;8402;9624;5145;12983;9799;;;;;2599;2401;2352;2413;;;;;;;;;;;1247;1020;;;;290;;;27;53;;;;95;;;;;;;;;;;;;;;;;;;;;;;;;;;;;;;131;;;;;;;;;;;;144;;;;2787;;;;866;;;;;;;;;;;;;757
54;2638;2979;2047;2757;60483;83493;48788;75126;56503;63639;47343;54431;10765;6324;22086;15980;12493;7624;14635;9267;21360;13854;23708;19066;;;;;2323;2356;2072;2353;;;;;;;;;;;1176;941;;;;232;;;58;85;;;;94;;;;;;;;;;;;;;;;;;;;;;;;;;;;;;;115;;;;;;;;;;;;195;;;;3707;;;;724;;;;;;;;;;361;982;;904
55;2227;2425;1908;2218;62588;93663;52387;77039;53255;54538;46284;46223;13587;7198;21021;17186;21226;12701;24883;15817;31564;23445;32556;32198;;;;;2012;2203;1567;2085;;;247;;;;;;;;;;;;458;614;343;;133;168;;;;;;;;;;;;;;;;;;;;;;;;;;;;;;;;;;;373;;;;;;;;;;;;;;;;4564;;;;1617;;;;;;;;;;1057;;;2751
56;2557;2799;2099;2466;58879;91154;50032;78327;39186;41582;34680;36166;10850;6316;14947;12143;21647;12957;23486;14753;16985;11702;19727;19402;;;;;2614;3310;2045;3256;;;330;;;;;;;;;;;;397;469;;;83;115;;;;;;;;;;;;;;;;;;;;;;;;;;;;;;;;;;;657;;;;;;;;;;;;;;;;3610;;1563;;2527;;;;;;;;;;423;681;;3209
57;2691;3033;2317;2895;33532;47727;29446;45385;22851;29092;24913;27219;8162;5522;9068;7941;32198;31280;30550;32966;4483;6809;4587;5510;;;;;3314;3517;2494;3400;;;170;;;;;;;;;;;;;;;;84;227;;;153;;;;;;;;;;;;;;;;;;;;;;;;;;;;;;;;875;;;;;;;;828;;;;;;;;1829;;;;;;;;;;;;;;;;;1371
58;3477;2336;3020;2264;27674;48358;26761;44371;26512;28104;24524;25204;6396;4174;7907;6585;32791;34257;31833;35772;4385;2947;4762;4579;;;;;3945;4237;3139;3964;;;191;;;;;;;;;;;;;;;;106;229;;;189;;;;;;;;;;;;;;;;;;;;;;;;;;;;;;;;745;;;;;;;;687;;;;;;;;1960;;;;;;;;;;;;;;781;;;1725
59;3330;2425;3010;2073;48621;76005;42959;65617;46088;47977;41575;40007;12963;7567;19163;14446;40334;39751;38980;40008;12193;;12974;11868;;;;;5400;5797;4153;5828;;;478;;;4120;;;;;;;;;;;;;181;332;;;377;;;;;;;;;;;;;;;;;;;;;;;;;;;;;;;;1305;;;;;;;;1299;;;;;;;;3891;;;;;;;;;;;;;;1008;;;3509
60;4907;3439;4179;3041;38441;65841;36544;64590;39863;38074;36583;34858;11115;7123;15311;12233;62523;61604;56938;55493;8181;4817;10211;9020;;;;;6069;6140;4365;6290;;;419;;;;;;;;;;;;;;;;209;380;;;327;;;;;;;;;;;;;;;;;;;;;;;;;;;;;;;;2140;;;;;;;;1730;;;;;;;;4515;;;;;;;;;;;;;;2846;2620;;3477
61;4669;3383;4415;3261;40957;59304;34451;54128;30733;32329;29834;29083;7328;6029;9992;9494;35484;37881;35643;38172;4771;4063;6047;6442;;;;;3764;4261;3013;4224;;;172;;;;;;;;;;;;;;;;151;340;;;199;;;;;;;;;;;;;;;;;;;;;;;;;;;;;;;;1163;;;;;;;;807;;;;;;;;3093;;;;;;;;;;;;;;1638;;;2184
62;3598;3139;3708;2939;48720;72719;44450;66782;40708;38140;36600;33168;12356;6180;17986;13567;48515;46820;43354;42739;16479;8387;18279;15766;;;;;3061;3173;2129;3162;;;269;;;2652;;;;;;;;;;;;;202;353;;;345;;;;;;;;;;;;;;;;;;;;;;;;;;;;;;;;939;;;;;;;;942;;;;;;;;5171;;;;;;;;;;;;;;;;;2765
63;4387;2633;3560;2402;53384;76660;42834;66478;40882;43122;39092;39057;11959;7521;16102;12869;43348;41949;44923;45267;9041;5426;9912;8958;;;;;5992;5667;4711;5477;;;368;;;427;;;;;;;;;;;;;162;356;;;397;;;;;;;;;;;;;;;;;;;;;;;;;;;;;;;;1255;;;;;;;;1352;;;;;;;;4357;;;;;;;;;;;;;;;;;2828
64;5598;3892;4739;3374;38470;55335;32750;55201;30153;31943;30506;29626;10125;6256;12018;9917;43589;51895;42581;45467;7502;4332;7464;7078;;;;;4928;5679;3788;5602;;;395;;;;;;;;;;;;;;;;210;500;;;374;;;;;;;;;;;;;;;;;;;;;;;;;;;;;;;;1052;;;;;;;;1108;;;;;;;;3385;;;;;;;;;;;;;;;629;;2868
65;4461;2957;3597;2767;34529;55110;29999;52699;29829;32147;30360;29234;10878;8128;11230;10193;37224;39877;36561;40410;5650;4111;6093;6302;;;;;4806;5116;3765;5049;;;344;;;;;;;;;;;;;;;;179;404;;;258;;;;;;;;;;;;;;;;;;;;;;;;;;;;;;;;1169;;;;;;;;1055;;;;;;;;3636;;;;;;;;;;;;;;1045;1939;;2459
66;4218;2653;3530;2331;32688;50985;28022;46438;35073;37826;33467;34944;8487;8223;10865;10491;34324;37797;34203;40065;3861;3670;4238;4730;;;;;5513;7802;3839;7284;;;278;;;;;;;;;;;;;;;;137;393;;;270;;;;;;;;;;;;;;;;;;;;;;;;;;;;;;;;2399;;;;;;;;1435;;;;;;;;2995;;;;;;;;;;915;;;;587;;;2197
67;4692;3156;3992;2917;22070;44012;19516;43852;34501;41197;33330;35087;6558;4515;9725;8372;36910;36157;37034;36503;3725;2975;5212;4584;;;;;2461;2977;2318;2902;;;;340;;;;;;;;;;;;;;;232;348;;;;;;;;;;;;;;;;;;;;;;;;;;;;;;;;;;;449;;;;;;;;;;;;;;;;2422;;;;;;;;;;;;;;4203;563;;724
68;2552;2810;2742;2494;31994;64381;25606;58156;46686;47925;45060;45649;13914;9003;15368;12646;41040;39398;43781;42866;5041;3950;6081;5698;;;;;3446;4715;3033;3977;;;;473;;;;;;;;;;;;;;;331;403;;;;;;;;;;;;;;;;;;;;;;;;;;;;;;;;;;;461;;;;;;;;;;;;;;;;3320;;;;;;;;;;;;;;733;1191;;1162
69;3411;4368;3224;3901;28732;58478;24320;57891;46632;45977;44402;42617;10236;9185;13274;12557;43952;44872;45676;45006;7791;6469;7141;6537;;;;;3862;4979;3277;4372;;;;672;;;;;;;;;;;;;;;309;403;;;;;;;;;;;;;;;;;;;;;;;;;;;;;;;;;;;345;;;;;;;;;;;;;;;;2897;;;;;;;;;;;;;;;234;;926
70;3135;4369;2699;3582;32844;69879;28217;63537;46481;42609;42150;38687;9890;6991;13801;11612;48069;45407;48333;47239;8637;5635;10281;9406;;;;;2618;3179;2275;2985;;;;441;;;;;;;;;;;;;626;873;410;724;;;;;;;;;;;;;;;;;;;;;;;;;;;;;;;;;;;294;;;;;;;;;;;;;;;;4605;;;;;;;;;;;;;;851;670;;929
71;2932;4017;2582;3700;22187;49423;19739;46559;43424;45006;38247;37437;8810;6665;12614;12748;36809;34161;37709;36876;5004;4220;6131;6415;;;;;2928;3515;2627;3370;;;;529;;;;;;;;;;;;;544;667;317;665;;;;;;;;;;;;;;;;;;;;;;;;;;;;;;;;;;;428;;;;;;;;;;;;;;;;3000;;;;;;;;;;;;;;878;2224;;1407
72;2348;2830;2120;2705;30401;63003;23225;56082;43722;48674;42696;43686;10929;9071;14764;15356;44087;42190;46628;47205;4878;3771;5221;5577;;;;;3649;5375;3315;4841;;;;878;;;;;;;;;;;;;888;878;483;850;;;;;;;;;;;;;;;;;;;;;;;;;;;;;;;;;;;445;;;;;;;;;;;;;;;;3066;;;;;;;;;;;;;;1132;2383;;1199
73;3442;4271;3285;3942;22341;56529;21684;52620;42430;40958;37004;33801;11760;8532;15974;15034;46272;42260;43617;42147;11056;5405;11950;10772;;;;;2483;2963;2234;2885;;;;374;;;;;;;;;;;;;981;1165;511;930;;;;;;;;;;;;;;;;;;;;;;;;;;;;;;;;;;;320;;;;;;;;;;;;;;;;4306;;;;;;;;;;;;;;;1542;;941
74;2462;3253;2185;3103;23592;47943;19513;44955;41281;44756;39777;39561;11224;8584;14153;13647;39610;39820;39876;40483;3950;3253;4740;5045;;;;;4399;7067;3792;6383;;;;594;;;;;;;;;;482;;;;;257;496;;;;;;;;;;;;;;;;;;;;;;;;;;;;;;;;;;;380;;;;;;;;;;;;;;;;2541;;;;;;;;;;;;;;912;6;;788
75;2535;3852;2474;3811;23028;54925;21030;51257;43014;47216;39645;41138;10818;9419;14574;15183;47051;45003;46802;47097;5465;3434;4977;5112;;;;;4337;5554;3713;5255;;;;524;;;;;;;;;;;;;;114;331;593;;;;;;;;;;;;;;;;;;;;;;;;;;;;;;;;;;;407;;;;;;;;;;;;;;;;2623;;;;;;;;;;;;;;;1154;;1001
76;3127;4195;2738;3854;33943;58445;27780;48550;28760;32321;24854;27047;8869;5188;13590;10527;24871;19271;25216;20989;28108;19375;28880;25309;;;;;2110;1757;1530;1625;;1331;519;1084;;;;;;;1576;;;;;;;;107;81;951;1010;329;263;;;;;;;116;115;;;;;;;;;;;;;;;;;;;167;;;;129;;;;527;;;;;;;;245;;;;5450;;;;;;;;;;;;;;2994;663;;4195
77;2749;2829;2340;2405;44769;70730;29850;59613;28374;26407;28163;24750;9604;5241;13626;9839;47070;41864;45099;42051;26674;21946;32401;27181;;;;;3702;3821;3007;3235;;;486;792;;;;;;;2225;;;;;;;;104;116;1090;823;457;344;;;;;;;178;153;;;;;;;;;;;;;;;;;;;235;;;;241;;;;559;;;;;;;;351;;;;6767;;;;;;;;;;;;;;1980;1289;;4368
78;2836;2700;2350;2379;35540;61133;27842;48283;50554;54262;42771;47223;13711;7841;20580;15541;10525;6883;12060;8902;13875;7821;17577;14795;;;;;2613;1805;2074;1800;;1516;772;1414;;;;;;;1946;;;;;;;;30;35;879;567;372;225;;;;;;;76;104;;;;;;;;;;;;;;;;;;;36;;;;165;;;;340;;;;;;;;246;;;;2979;;;;;;;;;;;;;;1796;1925;;6052
79;3039;3294;2666;2673;41051;64119;29109;49797;44994;48791;37170;40351;10612;5562;18277;13593;11446;7608;13611;9983;10853;6347;16451;14485;;;;;2463;1733;1982;1703;;1515;618;1314;;;;;;;2019;;;;;;285;;96;96;1245;1349;560;301;;;;;;;87;117;;;;;;;;;;;;;;;;;;;44;;;;184;;;;371;;;;;;;;226;;;;3173;;;;;;;;;;;;;;752;;;5701
80;3098;3480;2821;3063;45691;68537;34488;54034;66075;70874;53085;56937;15138;9358;28876;23027;9325;6849;12270;9253;27392;17724;33004;28356;;;;;1544;1696;1309;1355;;;472;579;1416;;;;;;1860;;;;;;;;34;37;462;962;283;337;;;;;;;79;100;;;;;;;;;;;;;;;;;;;36;;;;137;;875;;623;;;;;;;;312;;;;3739;;;;;;;;;;;;;;2267;1166;;3871
81;2610;3081;2188;2361;47340;68625;31719;50168;44549;52408;39331;42736;16397;8591;24313;19341;9978;7042;12868;9152;26778;17273;32724;30468;;;;;1187;1298;893;980;;;262;381;;;;;;;1518;;;;;;;;34;39;912;857;265;231;;;;;;;53;60;;;;;;;;;;;;;;;;;;;45;;;;88;;;;465;;;;;;;;243;;;;3564;;;;;;;;;;;;;;592;;;3204
82;2623;2771;1971;2105;38244;62125;36351;62854;54971;59787;45372;49847;13292;7396;23407;18254;13787;8538;16995;12395;44506;38198;36630;30703;;;;;2413;2202;1891;1854;;;545;893;;;;;;;2270;;;;;;;;72;64;1328;330;463;220;;;;;;;86;125;;;;;;;;;;;;;;;;;;;101;;;;192;;;;598;;;;;;;;335;;;;4619;;;;;;;;;;;;;;854;3337;;5162
83;3533;3680;3001;3222;35168;55264;27639;48866;39618;51444;33469;40087;11468;5076;16486;12035;15852;9375;17986;12260;18805;13381;22698;18438;;;;;3356;2832;2554;2370;;;611;1052;;;;;;;2066;;;;;;218;296;108;172;;;209;92;;;;;;;128;112;;;;;;;;;;;;;;;;;280;;150;;;;158;;;;394;;;;;;;;261;;;;4339;;;;;;;;;;;;;;3933;2931;;5583
84;3915;3625;3357;3157;26415;33562;32015;60421;18394;18300;18788;17899;6425;4328;9693;7402;27796;29145;39641;33711;73897;69988;43347;35410;;;;;1791;2466;1436;1923;;;284;415;;;;;;;1793;;;;;;;;130;170;;329;166;170;;;;;;;171;146;;;;;;;;;;;;;;;;;649;;354;;;;118;;;;727;;;;;;;;306;;;;9473;;;;;;;;;;;;;;2922;3686;;4495
85;2572;3034;2419;2676;25520;49807;27765;54938;29124;24823;25955;22791;6247;3532;11261;8448;62880;60470;47438;42675;10495;6051;15486;12468;;;;;4092;3788;3688;3549;;;443;661;;;;;;;2106;;;;;;398;;168;150;1131;1333;513;395;;;;;;;132;179;;;;;;;;;;;;;;;;;;;205;;;;234;;;;367;;;;;;;;281;;;;4713;;;;;;;;;;;;;;625;;;3754
86;2326;2498;2083;2294;20336;42132;20906;49595;24563;23459;22875;20499;6969;4356;9741;7241;60236;61845;51662;50042;7242;5372;8847;7588;;;;;4725;5428;3832;4634;;;456;731;;;;;;;2189;;;;;;;;127;163;1564;1326;579;501;;;;;;;156;226;;;;;;;;;;;;;;;;;;;235;;;;356;;;;249;;;;;;;;189;;;;4274;;;;;;;;;;;;;;766;1146;;4180
87;2496;2604;2224;2268;24028;47112;22618;50555;22566;20138;21347;18548;5048;4002;8666;6909;61874;62824;53815;52217;9652;6373;11490;9345;;;;;4492;4682;3603;4042;;;453;631;;;;;;;1960;;;;;;;;101;131;1384;1434;513;415;;;;;;;158;186;;;;;;;;;;;;;;;;;;;286;;;;273;;;;272;;;;;;;;225;;;;4972;;;;;;;;;;;;;;1439;;;3961
88;2283;2533;2014;2158;38523;55086;28937;45300;50703;53170;41146;44710;11554;7476;19464;15655;9520;6655;10911;8165;17241;12462;20765;19566;;;;;1088;1034;789;880;;;221;218;;;385;369;;;672;541;;;;71;;;34;32;;;32;53;;;;;;;9;48;;;87;93;;;62;41;;;;;;;;;;;;;;;54;;;;;;;;;;;;149;;;;4837;;;;149;;;;314;;;;;;;;;481
89;1582;1996;1194;1656;54205;79617;45981;71160;63511;68563;53062;59633;13275;7308;23518;16243;13502;9139;14926;11003;11056;6205;12491;10309;;;;;2501;2302;1767;1676;;;820;926;;;792;818;;;1107;941;;;;90;;;19;37;;;29;38;;;;;;;18;76;;;125;173;;;70;42;;;;;;;;;;;;;;;114;;;;;;;;;;;;81;;;;2764;;;;239;;;;597;;;;;;;;;584
90;2766;3509;2296;2894;31111;52148;27877;45723;65143;71887;53888;60704;12342;7345;21315;15059;9859;6512;10638;7193;8933;;9307;7250;;;;;1964;1932;1532;1438;;;413;716;;;784;718;;;1047;781;;;;131;;;17;29;;;24;56;;;;;;;20;58;;;145;124;;;69;45;;;;;;;;;;;;;;;73;;;;;;;;;;;;94;;;;1976;;;;199;;;;420;;;;;;;;;485
91;2409;3424;1923;2738;43655;64858;36209;57163;65662;68166;53597;58467;10745;5628;21383;14298;10079;6504;11924;8317;8956;4476;11102;8672;;;;;2514;1776;2066;1516;;;259;384;;;891;784;;;1100;891;;;;207;;;20;24;;;28;36;;;;;;;19;70;;;201;172;;;72;58;;;;;;;;;;;;;;;74;;;;;;;;;;;;62;;;;2273;;;;207;;;;592;;;;;;;;;671
92;2447;2707;1979;2385;63487;90150;49072;77413;69845;74380;60798;63432;18620;9168;29495;21187;11215;7041;13214;8853;11195;5797;16136;12838;;;;;2620;1956;1952;1562;;;500;475;;;793;792;;;1333;1177;;;;82;;;33;37;;;42;58;;;;;;;29;82;;;236;184;;;80;47;;;;;;;;;;;;;;;98;;;;;;;;;;;;151;;;;2688;;;;195;;;;933;;;;;;458;;;840
93;2597;3083;2259;2516;50035;73415;40709;65444;75290;86515;63653;70202;20620;10419;32011;24766;11679;7349;13139;8751;12239;6774;15126;12973;;;;;2321;1867;1810;1553;;;420;602;;;931;845;;;1276;1007;;;;152;;;43;31;;;40;54;;;;;;;24;101;;;209;177;;;103;79;;;;;;;;;;;;;;;146;;;;;;;;;;;;160;;;;2523;;;;326;;;;844;;;;;;464;650;;710
94;3421;3442;2576;2984;43837;66317;33774;54131;42094;46224;34195;37104;10902;5516;18981;15085;10614;6717;12092;8340;15557;9992;20019;18127;;;;;1971;1286;1398;1079;;;368;411;;;433;405;;;816;591;;;;105;;;70;61;;;25;38;;;;;;;20;91;;;179;157;;;74;47;;;;;;;;;;;;;;;53;;;;;;;;;;;;146;;;;2522;;;;214;;;;454;;;;;;318;404;;912
95;1718;708;1178;480;55471;75703;37665;57525;59710;59855;48545;50944;18455;13225;32663;24935;9550;6079;12138;8338;26614;17238;34040;28785;;;;;1131;887;809;601;;;227;247;;;337;312;;;755;590;;;;87;281;;41;44;;;27;45;;;;;;;28;61;;;129;105;;;67;43;;;;;;;;;;;;;;;48;;;;;;;;;;;;252;;;;3237;;;;207;;;;341;;;;;;;;;799
96;1350;965;1006;491;47625;71575;37019;57935;38093;43054;33367;35646;11187;5569;17225;13712;11390;6809;13540;8809;22550;13196;24797;21883;;;;;1788;1233;1231;973;;;367;578;;;473;402;;;847;602;;;;121;;;53;50;;;38;48;;;;;;;26;87;;;153;148;;;58;44;;;;;;;;;;;;;;;57;;;;;;;;;;;;201;;;;2791;;;;257;;;;456;;;;;;;289;;892
97;1619;750;1296;545;55251;71537;37387;54523;51674;67381;51654;59241;31606;14841;31483;23429;8381;5125;11624;7589;16856;10505;26573;22776;;;;;1211;1032;1049;823;;;244;221;;;443;447;;;786;647;;;;190;;;40;33;251;;87;37;;;;;;;26;39;;;137;119;;;87;73;;;;;;;;;;;;;;;52;;446;;;;;;;;;;208;;;;3685;;;;74;;;;280;;;;;;;;;579
98;1898;2385;1655;2040;42568;73513;37986;61692;73959;80894;58516;67060;18727;7780;31488;21733;10523;5615;11650;7670;15389;7311;17359;14605;;;;;1765;1580;1462;1574;;;271;300;;;678;669;;;1113;870;;;;380;;;19;34;;;21;39;;;;;;;15;50;1581;999;741;582;;;100;83;;;;;;;;;;;;;;;93;;;;;;;;;;;;153;;;;2887;;;;194;;;;432;;;;;;319;;;622
99;2203;1993;1856;1722;39489;59838;33235;51802;80363;87736;59487;69678;16012;8063;34858;24947;7430;4492;8800;5867;14046;7708;16898;13843;;;;;1443;1130;1188;1099;;;224;232;;;605;468;;;974;675;;;;304;;;27;29;;;15;32;;;;;;;15;49;969;474;452;197;;;96;49;;;;;;;;;;;;;;;69;;;;;;;;;;;;149;;;;2445;;;;163;;;;331;;;;;;;;;483
100;1994;1674;1715;1361;41165;62195;35604;55537;71759;79789;56807;64751;12990;6743;25007;18849;9599;5736;11070;7232;10066;6129;12826;10891;;;;;1734;1509;1317;1401;;;380;484;;;905;854;;;977;898;;;;698;;;16;38;;;36;27;;;;;;;22;82;;;193;149;;;79;53;;;;;;;;;;;;;;;119;;;;;;;;;;458;;264;;;;2035;;;;228;;;;551;;;;;;449;351;;554
101;2389;2590;2173;2544;43992;65495;38415;58867;82523;86290;58572;64757;14198;7881;31480;24683;8561;5358;10832;7180;13745;8735;18582;15421;;;;;1643;1415;1227;1109;;;353;358;;;725;678;;;1111;879;;;;272;;;30;48;;;47;66;;;;;;;18;46;;;197;125;;;87;42;;;;;;;;;;;;;;;94;;;;;;;;;;;;177;;;;2346;;;;292;;;;543;;;;;;409;;;704
102;1598;1861;1541;1800;53517;78235;40982;66721;51242;57271;43188;47453;11332;6248;20670;16015;11723;7050;13715;8856;13386;8425;18064;15856;;;;;2364;1689;1815;1430;;;448;522;;;712;661;;;1039;716;;;;145;323;280;180;170;;;42;50;;;;;;;29;89;;;153;169;;;76;46;;;;;;;;;;;;;;;92;;;;;;;;;;;;160;;;;2578;;;;292;;;;620;;;;;;529;355;;887
103;2044;1704;1605;1471;51180;78426;39244;66241;49021;58192;40972;47248;11852;7008;19458;17473;15003;9454;16743;11629;13308;7720;18285;15229;;;;;2337;2106;1537;1542;;;1098;1186;;;629;719;;;1009;943;;;;290;287;;114;114;;;25;50;;;;;;;27;86;;;169;184;;;56;47;;;;;;;;;;;;;;;78;;;;;;;;;;;;128;;;;2880;;;;189;;;;533;;;;;;;943;;1095
104;2101;2526;1915;2299;54910;76358;42869;67871;62365;72385;51248;58141;13940;9506;26079;22293;13418;8336;15057;10182;12956;7600;16357;12718;;;;;2446;1963;1668;1482;;;664;823;;;819;741;;;1103;964;;;;292;;375;91;167;;;44;47;;;;;;;26;65;;;193;177;;;102;49;;;;;;;;;;;;;;;139;;;;;;;;;;;;157;;;;2891;;;;223;;;;668;;;;;;;;;781
105;2157;2601;1794;2331;50319;64699;36767;58511;66300;77187;52053;61598;11674;6879;27081;20143;8412;5753;10411;7178;10611;7034;15404;11398;;;;;1690;1520;1218;1183;;;628;545;;;785;667;;;960;761;;;;211;;;32;52;;;48;79;;;;;;;21;49;;;164;131;;;84;40;;;;;;;;;;;;;;;69;;;;;;;;;;;;123;;;;2401;;;;257;;;;596;;;;;;;;;945
106;1709;2105;1613;1686;43173;58157;32740;51750;48276;55728;40999;47366;11332;7120;20574;15867;8418;6321;9839;6668;8447;5188;11350;8806;;;;;1503;1246;1061;885;;;467;474;;;596;487;;;756;597;;;;161;;;28;61;;;28;27;;;;;;;20;60;;;122;129;;;94;46;;;;;;;;;;;;;;;84;;;;;;;;;;;;95;;;;1955;;;;199;;;;422;;;;;;;;;632
107;1541;1476;1261;1220;45125;68314;35625;56672;68749;74976;52747;59644;16472;8763;31626;23983;10266;6239;11962;8180;15894;8624;19967;16217;;;;;1304;1129;804;818;;;734;480;;;405;358;;;876;642;;;;117;204;188;71;107;;;38;58;;;;;;;28;49;;;114;110;;;90;53;;;;;;;;;;;;;;;47;;;;;;;;;;;;104;;;;2554;;;;155;;;;439;;;;;;;;;997
108;1586;1771;1214;1519;44295;66555;34873;56223;50233;55982;40906;46704;10758;6324;20625;15200;12948;7070;13244;8569;13137;7483;16897;13902;;;;;1560;1215;900;874;;;1002;718;;;511;491;;;841;741;;;;140;202;;64;68;;;28;75;;;;;;;23;48;;;119;146;;;89;46;;;;;;;;;;;;;;;63;;;;;;;;;;;;108;;;;2499;;;;208;;;;495;;;;;;;257;;1170
109;1690;1881;1328;1652;43614;65603;36812;57537;70787;77781;55419;65763;12763;5994;25944;18411;8709;5464;9755;6484;9935;5111;12133;9806;;;;;2168;1673;1543;1392;;;530;550;;;813;635;;;989;786;;;;101;;;30;67;;;22;44;;;;;;;22;72;;;133;144;;1297;509;577;;;;;;;;;;;;;;;85;;;;;;;;;;;;107;;;;2556;;;;242;;;;603;;;;;;;;;648
110;1966;1570;1695;1476;33852;54170;30018;48167;55784;66715;43020;54439;11573;5711;22148;16819;9233;5870;10241;7337;10162;5308;10876;8715;;;;;1569;1550;1231;1237;;;301;328;;;526;623;;;906;804;;;;134;;;31;40;;;20;24;;;;;;;19;59;;;104;115;;;259;56;;;;;;;;;;;;;;;49;;;;;;;;;;;;84;;;;2191;;;;196;;;;526;;;;;;243;;;602
111;1774;2170;1444;1995;43087;61414;35551;53272;62639;75258;53252;61323;18168;8050;28625;21763;8641;5569;10016;6867;12043;6994;13867;11422;;;;;1358;1202;1012;1087;;;345;444;2100;;1028;763;;;926;798;;;;122;;;44;77;;;32;38;;;;;;;20;61;;;121;129;;;285;137;;;;;;;;;;;;;;;60;;;;;;;;;;;;90;;;;2267;;;;195;;;;522;;;;;;;442;;736
112;1695;2218;1473;2108;41691;64985;36743;58961;79359;84058;61723;69446;15755;9520;30071;22469;11102;6568;11935;7627;12633;8065;14433;11651;;;;;1836;1598;1428;1319;;;302;417;;;840;847;;;1269;1033;;;;182;;;22;48;;;22;41;;;;;;;25;73;;;133;132;;;106;95;;;;;;;;;;;;;;;78;;;;;;;;;;;;130;;;;2554;;;;171;;;;723;;;;;;;;;663
113;1990;2478;1658;2268;46290;63567;36810;56710;76480;85994;66161;76189;14620;8460;25249;18331;8787;5207;9566;6540;10148;6310;12355;9545;;;;;;1427;1045;1272;;;299;320;;;819;725;;;974;871;;;;117;;;25;39;;;29;47;;;;;;;15;90;;;115;119;;;90;51;;;;;;;;;;;;;;;95;;;;;;;;;;;;138;;;;2277;;;;166;;;;511;;;;;;;;;485
114;2128;2934;1714;2448;57225;79615;48139;72290;57576;63622;49564;53850;10624;5716;19441;14529;11071;6301;12676;7708;9873;5884;12853;10209;;;;;1569;1344;1323;1148;;;395;474;1583;;923;675;;;969;786;;;;88;;;30;75;;;28;29;;;;;;;15;64;;;97;125;;;86;54;;;;;;;;;;;;;;;87;;;;;;;;;;;;114;;;;2335;;;;187;;;;446;;;;;;;;;462
115;1740;1975;1553;1891;50636;71413;40990;61757;44906;51285;38812;43053;11098;6006;18168;14161;10123;5564;11438;7209;9462;5168;12727;10897;;;;;1425;1291;1091;994;;;308;451;;;535;545;;;841;721;;;;134;270;;108;91;;;21;23;;;;;;;20;60;;;102;117;;;72;43;;;;;;;;;;;;;;;76;;;;;;;;;;;;76;;;;2078;;;;187;;;;539;;;;;;;;;602
116;1681;2077;1412;1946;53363;80328;45956;71746;40001;41821;33638;35040;7501;3951;12709;9644;13237;8936;14678;10468;9791;5884;12118;11955;;;;;2191;1571;1529;1222;;;594;645;;1310;662;874;;;1038;825;;;;102;;;161;157;;;36;62;;;;;;;32;42;;;120;135;;;131;48;;;;;;;;;;;;;;;110;;;;;;;;;;;;107;;;;2305;;;;217;;;;551;;;;;;405;;;688
117;1837;2108;1634;2256;44436;70299;38305;62995;24779;28066;21808;24076;5189;2625;7872;6219;10519;7621;12940;8980;5430;2942;6582;6873;;;;;2953;2246;1960;1798;;;519;650;;;502;524;;;818;745;;;;66;275;371;168;242;;;32;38;;;;;;;28;47;;;80;121;;;177;41;;;;;;;;;;;;;;;114;;;;;;;;;;;;51;;;;1503;;;;175;;;;453;;;;;;264;;;519
118;1709;2088;1467;2324;65189;95580;57689;88560;40001;43411;35712;38228;9231;4344;15049;10362;14008;9108;16311;10843;14772;9668;13352;11350;;;;;2643;1905;2011;1656;;;480;597;;;740;648;;;1109;848;;;;89;282;274;118;180;;;43;40;;;;;;;35;79;;;119;114;;;93;60;;;;;;;;;;;;;;;135;;;;;;;;;;;;106;;;;2325;;;;211;;;;667;;;;;;;;;620
119;1982;2328;1803;2344;57547;81810;49498;74069;44653;51021;37762;42744;11852;5149;18416;12595;12143;7918;13226;9801;10801;6385;13253;11676;;;;;1940;1326;1458;1174;;;538;512;;1477;698;1033;;;1018;706;;;;150;;377;139;230;;;60;38;;;;;;;32;41;;;108;113;;;66;38;;;;;;;;;;;;;;;83;;;;;;;;;;;;97;;;;2054;;;;227;;;;518;;;;;;;;;554
120;1722;1827;1407;1816;49023;72664;41637;64278;28968;34099;25067;29742;6967;3692;10947;7848;11065;7603;12431;9238;7352;4186;9495;8787;;;;;2218;1862;1619;1366;;;979;853;;;565;576;;;874;795;;;;91;240;328;141;204;583;;154;44;;;;;;;31;52;;;118;189;;;74;47;;;;;;;;;;;;;;;62;;;;;;;;;;;;65;;;;1852;;;;171;;;;407;;;;;;;;;616
121;1581;2075;1308;1783;57055;77708;45888;67967;53269;60530;44455;50018;11035;5365;20829;15235;10240;7373;12239;9089;13969;8987;17807;15714;;;;;1614;1209;1227;916;;;598;472;;;525;471;;;915;826;;;;145;;;91;122;508;;148;53;;;;;;;39;54;;;142;142;;;78;85;;;;;;;;;;;;;;;75;;;;;;;;;;;;109;;;;2341;;;;173;;;;404;;;;;;;460;;612
122;1591;1923;1198;1634;52627;74750;43571;68262;37504;41620;34732;38227;9090;4859;13462;8276;12781;7285;14202;8411;7846;4094;9984;7621;;;;;2078;1612;1470;1224;;;410;488;;;599;529;;;852;605;;;;97;;;80;120;;;30;38;;;;;;;17;65;;;102;127;;;56;30;;;;;;;;;;;;;;;182;;;;;;;;;;;;82;;;;2162;;;;202;;;;463;;;;;;264;;;449
123;1847;1992;1379;1643;58984;83905;51110;78600;44021;49192;40418;43864;10678;4654;15219;9589;13805;7397;14614;8479;8603;5608;10299;8303;;;;;2269;1627;1554;1318;;;483;496;;;694;514;;;1010;704;;;;177;191;275;96;175;;;28;24;;;;;;;29;64;;;134;153;;;64;43;;;;;;;;;;;;;;;135;;;;;;;;;;;;83;;;;2285;;;;211;;;;467;;;;;;;;;426
124;1810;1539;1428;1268;64623;83649;50435;75529;31011;37012;27930;32603;8344;3467;10846;7688;;9496;14497;11087;9013;3733;8327;8017;;;;;4199;2206;2018;1640;;;1094;1031;;;573;549;;;818;748;;;;189;1831;616;454;515;;;33;39;;;;;;;21;74;;;112;106;;;67;51;;;;;;;;;;;;;;;108;;;;;;;;;;;;52;;;;2148;;;;158;;;;510;;;;;;;;;644
125;2652;2298;1472;1967;42736;58301;34893;53336;63123;78554;59231;68221;17533;5752;22277;14878;8306;4424;9197;5498;8774;5028;10999;8483;;;;;1226;1075;993;892;;;201;298;;;647;525;;;568;537;;388;;215;;;16;25;;;20;30;;;;;;;20;51;;;67;104;;;128;100;;;;;;;;;;;;;;;62;;;;;;;;;;;;113;;;;2249;;;;227;;;;358;;;;;;;;;356
126;1979;1739;1411;1712;62810;91918;54532;82681;48290;51512;42153;46084;9710;4168;16171;10691;13765;8348;15624;10443;8372;4245;10267;9180;;;;;2391;1678;1738;1297;;;643;707;;;804;637;;1801;1052;1167;;;;140;243;214;128;183;;;34;29;;;;;;;23;86;;;102;112;;;74;53;;;;;;;;;;;;;;;114;;;;;;;;;;1138;;447;;;;2261;;;;182;;;;578;;;;;;;110;;460
127;1804;2102;1596;2146;37324;50880;32344;46950;79254;87251;67056;77380;12521;6232;24230;15517;6385;4386;7222;4877;9706;6070;10793;7991;;;;;1044;785;805;789;;;188;273;;;625;625;;;599;533;;;;99;;;17;23;;;12;21;;;;;;;13;32;;;73;87;;;103;63;;;;;;;;;;;;;;;56;;;;;;;;;;;;94;;;;1823;;;;100;;;;344;;;;;;;;;322
128;1494;1535;1231;1557;37851;55269;31790;48019;73636;78626;61901;68520;14229;6988;24041;16758;7634;4387;8504;5381;10674;6224;13607;10865;;;;;973;919;752;777;;;213;307;;;703;660;;;705;591;;;;75;;;13;20;;;16;17;;;;;;;20;49;;;80;111;;;93;63;;;;;;;;;;;;;;;67;;;;;;;;;;;;163;;;;2008;;;;169;;;;424;;;;;;;;;394
129;1372;1674;1100;1480;58679;70456;43523;62649;61444;64892;51067;55583;11613;5814;20001;14664;9075;4588;9250;5766;;4760;13366;9813;;;;;1129;1128;929;1024;;;204;290;;;686;570;;;555;523;;;;124;;;14;28;;;24;11;;;;;;;15;37;;;56;106;;;63;47;;;;;;;;;;;;;;;71;;;;;;;;;;;;85;;;;2047;;;;169;;;;286;;;;;;;;;381
130;1842;1884;1371;1906;53029;70175;38604;59463;63819;69638;54902;59935;16131;8666;23951;17357;7805;4381;10970;6738;20822;14169;27985;22570;;;;;718;690;574;585;;;175;198;;;416;409;;;567;438;;;;79;;;39;41;;;17;26;;;;;;;19;36;;;89;92;;;78;85;;;;;;;;;;;;;;;38;;;;;;;;;;;;417;;;;3489;;;;107;;;;294;;;;;;235;472;;457
131;1362;1808;1190;1490;49996;63717;37608;58675;75187;84140;62706;70698;16333;6324;23668;17695;12005;5301;9824;6489;;6619;14609;10103;;;;;;1329;977;1102;;;302;384;;;685;700;;;688;564;;;;126;;;8;28;;;14;24;;;;;;;16;38;;;112;112;;;107;66;;;;;;;;;;;;;;;82;;;;;;;;;;;;119;;;;2308;;;;132;;;;443;;;;;;;;;374
132;2696;2227;1809;2479;53509;69739;42512;62042;74149;87555;64808;75313;15138;8125;24698;18364;9909;6365;10855;7270;11924;7422;16035;11909;;;;;;;1202;1228;;;361;634;;;824;886;;;855;693;;;;424;;;25;37;;;24;28;;;;;;;24;65;;;152;201;;;86;50;;;;;;;;;;;;;;;118;;;;;;;;;;625;;379;;;;2639;;;;177;;;;546;;;;;;455;;;465
133;2536;2735;1925;2332;61405;92287;53583;76549;64621;73853;54277;62089;10852;5253;19883;16643;14056;8281;17126;11648;24981;12742;25057;23358;;;;;1784;1563;1453;1365;;;311;374;;;755;688;;;956;827;;860;;763;;;68;81;394;;100;41;;;;;;;45;82;;;132;232;;;67;44;;;;;;;;;;;;;;;120;;;;;;;;;;;;179;;;;3497;;;;190;;;;551;;;;;;;505;;586
134;2348;2868;2091;2842;62644;85908;53661;73666;61244;74103;53025;63671;15549;6476;22018;17147;12090;6894;12887;9056;11091;5319;14121;12003;;;;;;1991;1362;1523;;;603;661;;;856;769;;;942;817;;;;659;;;31;50;;;26;39;;;;;;;23;68;;;189;210;;;56;32;;;;;;;;;;;;;;;90;;;;;;;;;;;;137;;;;2373;;;;215;;;;421;;;;;;;;;440
135;2497;2473;2079;2353;57561;76641;47299;66133;61751;65858;51869;56134;9628;5845;18097;15449;8809;5774;10401;7875;7636;4071;11482;10054;;;;;;1666;917;1274;;;771;743;;1497;820;966;;;713;615;;;;1212;;;21;27;;;22;33;;;;;;;29;67;;;98;152;;;56;27;;;;;;;;;;;;;;;83;;;;;;;;;;;;113;;;;2284;;;;153;;;;397;;;;;;;;;347
136;1996;2583;1756;2827;50688;66665;43628;59814;46447;53607;40545;45987;11879;6165;16627;13358;8492;4800;9059;6183;8431;4990;10270;9016;;;;;;1331;1039;1137;;;358;446;;;779;536;;;728;577;;1318;;1339;;;23;22;;;36;32;;;;;;;10;57;;;95;134;;;66;21;;;;;;;;;;;;;;;94;;;;;;;;;;;;119;;;;2283;;;;139;;;;397;;;;;;;;;279
137;1880;2156;1522;2094;49149;63922;45184;57815;71813;83914;58814;71732;12086;6648;23125;18446;9100;5403;10266;6974;9957;6066;11708;10196;;;;;1502;1612;1151;1402;;;254;438;1586;2107;1037;1405;;;727;607;;879;;986;;;21;38;;;21;28;;;;;;;31;60;;;125;187;;;91;69;;;;;;;;;;;;;;;109;;;;;;;;;;455;;309;;;;2474;;;;132;;;;374;;;;;;;;;317
138;2673;3197;2368;3048;43120;57815;34925;50815;88754;101231;73354;91872;15282;8137;28805;18595;9436;5944;10380;6818;12001;7278;14619;10487;;;;;1757;1695;1340;1464;;;377;485;;2254;1111;1512;;;810;626;;;;722;;;24;49;;;26;29;;;;;;;28;70;;;149;166;;;113;68;;;;;;;;;;;;;;;116;;;;;;;;;;;;184;;;;3478;;;;145;;;;467;;;;;;;;;363
139;2208;2789;2107;3002;63980;87664;49061;76987;49893;58191;45225;50197;11251;5944;18246;14381;12188;6837;14448;9701;8836;4757;13557;10802;;;;;2679;2129;1774;1687;;;937;903;;;673;650;;1988;1231;1414;;;;284;;188;87;152;;;36;31;;;;;;;12;70;;;137;147;;;72;46;;;;;;;;;;;;;;;96;;;;;;;;;;;;79;;;;2407;;;;278;;;;706;;;;;;;;;552
140;1885;2524;1650;2218;54845;76854;46848;69311;40763;45344;35927;38740;13392;7502;16778;13426;11180;6506;12596;8641;11621;7166;15248;12531;;;;;1762;1338;1382;1086;;;307;345;;;673;552;;1858;1103;1217;;;;180;285;220;153;190;;;29;24;;;;;;;42;61;;;126;102;;;61;25;;;;;;;;;;;;;;;108;;;;;;;;;;;;116;;;;2180;;;;194;;;;559;;;;;;285;;;452
141;1727;1910;1430;1815;65810;94985;55224;83998;47030;51120;37763;42992;8578;4071;16390;11304;14741;9497;16442;11873;12775;8786;18094;15809;;;;;2268;1883;1796;1548;;;360;400;;;608;614;;;1171;937;;;;139;259;316;126;204;486;;100;62;;;;;;;49;49;;;126;153;;;57;31;;;;;;;;;;;;;;;101;;;;;;;;;;;;119;;;;2943;;;;214;;;;538;;;;;;;;;633
142;1853;2315;1579;2227;64331;85964;50922;78062;33693;37096;28681;32499;8545;3487;11591;7852;;9738;16261;11279;12393;5058;11074;9369;;;;;2570;1503;1563;1399;2768;1558;1418;1368;;;604;631;;;944;903;;;;174;1175;268;175;245;;;20;38;;;;;;;34;72;;;93;141;;;60;42;;;;;;;;;;;;;;;164;;;;;;;;;;;;81;;;;2074;;;;236;;;;568;;;;;;;;;563
143;3036;2348;1948;2383;60839;88227;48882;75717;40623;45968;36237;39208;12890;4728;17813;12169;14273;7616;16272;9929;16141;8020;20133;16084;;;;;2281;1520;1469;1275;;;231;445;;;521;379;;;960;587;;;;98;288;335;146;233;440;;103;58;;;;;;;22;83;;;128;99;;;63;52;;;;;;;;;;;;;;;838;;;;;;;;;;;;105;;;;3311;;;;201;;;;638;;;;;;;312;;543
144;1556;6744;1258;6511;59141;88135;49813;77452;40622;44293;34006;37827;9387;3907;15993;10869;14819;8271;16104;9954;12292;6088;15553;12555;;;;;2379;1622;1654;1251;;;263;544;;;677;421;;;1000;559;;;;87;;;101;149;;;42;66;;;;;;;25;111;;;149;119;;;53;43;;;;;;;;;;;;;;;663;;;;;;;;;;;;70;;;;2383;;;;275;;;;931;;;;;;922;;;530
145;1605;5694;1412;5473;62638;88471;55439;81333;47702;51073;38646;43052;9418;4957;17773;12580;12451;7076;13842;8786;12737;7934;13756;11567;;;;;2206;1940;1665;1542;;;307;501;;;727;638;;;1045;798;;;;108;;;44;74;;;24;42;;;;;;;18;59;;;144;181;;;52;40;;;;;;;;;;;;;;;207;;;;;;;;;;;;88;;;;2439;;;;183;;;;958;;;;;;;;;472
146;1757;2365;1552;2043;72446;100141;55249;87460;54088;59652;52623;56557;14952;8038;19998;13752;11638;7690;15917;9847;8993;4195;12798;9941;;;;;2981;2026;2113;1705;;;536;722;;;810;758;;;1049;864;;;;173;;;60;66;;;26;32;;;;;;;26;75;;;120;136;;;66;49;;;;;;;;;;;;;;;206;;;;;;;;;;;;88;;;;2889;;;;241;;;;675;;;;;;;366;;457
147;2324;3139;1932;2653;47583;73123;41522;66889;74725;82445;59805;69766;15625;8518;27675;18826;11432;6536;12460;7940;11924;5946;14081;10428;;;;;1800;1534;1324;1282;;;388;633;;;1037;801;;;922;766;;;;212;;;13;29;;;48;50;;;;;;;22;75;;;149;161;;;123;86;;;;;;;;;;;;;;;118;;;;;;;;;;;;106;;;;2612;;;;315;;;;652;;;;;;;;;530
148;2204;2830;1921;2458;40010;56141;36741;54867;77687;94975;63133;76009;13753;4006;24530;15734;9362;4802;10064;5864;7966;3341;9460;6657;;;;;1537;1245;1223;1054;;;306;605;;;910;750;;;809;649;;;;144;;;25;37;;;23;42;;;;;;;26;62;;;146;144;;;121;86;;;;;;;;;;;;;;;96;;;;;;;;;;;;112;;;;2008;;;;206;;;;601;;;;;;;;;355
149;1927;2851;1702;4302;60500;73703;44822;66083;64217;70260;53999;61957;15482;8240;23059;15996;12009;6415;12362;8830;;6097;13385;9757;;;;;2399;1328;1910;1270;;1462;660;1367;;;755;694;;1694;920;1013;;;;1424;;;22;37;;;26;65;;;;;;;22;54;;;152;206;;;88;59;;;;;;;;;;;;;;;67;;;;;;;;;;;;218;;;;2044;;;;200;;;;485;;;;;;;;;448
150;2271;2127;1682;2066;42273;61628;36470;56319;70705;83289;59358;70002;15568;6322;25021;17658;10100;6198;10797;7210;8476;4665;10379;8047;;;;;2064;1823;1564;1414;;;503;805;;;879;700;;;978;774;;;;402;;;40;60;;;20;25;;;;;;;37;65;;;151;210;;;115;61;;;;;;;;;;;;;;;119;;;;;;;;;;;;108;;;;1901;;;;281;;;;673;;;;;;;;;441
151;1941;2464;1733;2196;59521;76312;41755;64123;52751;66020;51494;59238;11740;6038;20616;15321;10431;6617;12450;8360;6207;3387;10589;8370;;;;;2331;2357;1902;1879;;;555;886;;;810;729;2217;;1310;898;;;;339;;;48;39;;;25;49;;;;;;;23;70;;;169;206;;;67;73;;;;;;;;;;;;;;;105;;;;;;;;;;;;105;;;;2181;;;;335;;;;786;;;;;;;;;469
152;1788;2403;1661;2085;15860;35561;16927;34178;44147;49485;38440;41460;10611;6882;13747;11924;27760;30722;27765;32415;4357;2958;4783;4590;;;;;5108;6682;5069;6542;;;381;525;;;;;;;;;;;;271;;;261;174;;1083;583;640;;;;;;;;312;;;;;;;;;;;;;;;;;;;;;;;;;;;;;;;;;;;;;;;;;;;;;;;;;;;;;;517;;869
153;1785;2655;1672;2645;24866;47265;23070;45850;42704;42028;38471;37002;11781;7500;16478;11601;34015;34219;32762;32298;8856;5658;11474;9433;;;;;4202;4294;4225;4234;;;340;376;;;;;;;;;;;;357;;;294;176;1691;880;1197;760;;;;;;;;387;;;;;;;;;;;;;;;;;;;;;;;;;;;;;;;;;;;;;;;;;;;;;;;;;;;;;;1524;;917
154;1719;1924;1523;1901;32841;53181;26133;49115;41101;38545;37304;35098;10505;7141;16983;11512;36117;33881;36431;33969;17345;10787;20998;15038;;;;;3094;3502;3119;3305;;;248;283;;;;;;;;;;;;353;;;376;234;1674;1135;1203;724;;;;;;;;365;;;;;;;;;;;;;;;;;;;;;;;;;;;;;;;;;;;;;;;;;;;;;;;;;;;;;;2509;;942
155;1904;2205;1786;1948;23471;51962;23354;46534;60969;61178;53735;54180;14799;9710;19240;16160;33044;37850;34826;39813;6745;4025;7533;7115;;;;;5988;7966;5751;7681;;;462;561;;;;;;;;;;;;594;;;375;217;;1366;1032;861;;;;;;;;519;;;;;;;;;;;;;;;;;;;;;;;;;;;;;;;;;;;;;;;;;;;;;;;;;;;;;1090;1442;;1327
156;2283;3223;2081;3160;17236;36919;17987;36802;62290;62840;51703;53392;12403;11629;20052;17816;29423;34857;31286;36352;8315;6669;7979;7530;;;;;7050;11199;6875;10757;;;404;474;;;;;;;;;;;;532;;120;327;266;;2190;1208;1228;;;;;;;;414;;;;;;;;;;;;;;;;;;;;;;;;;;;;;;;;;;;;;;;;;;;;;;;;;;;;;1103;526;;1379
157;2289;3401;2288;3408;16870;39183;18906;39007;64325;68306;59103;59910;17755;15386;20969;18267;38241;43847;37144;45286;6505;5278;6431;6008;;;;;8363;12120;7597;11348;;;527;836;;;;;;;;;;;;984;;;448;409;;971;1268;836;;;;;;;;619;;;;;;;;;;;;;;;;;;;;;;;;;;;;;;;;;;;;;;;;;;;;;;;;;;;;;;;;1905
158;2907;4193;2573;3869;17005;34644;18569;38088;62338;67930;55015;58160;13935;12120;19223;16675;35786;44838;36231;44581;7381;6937;7004;6704;;;;;7842;12148;8035;10938;;;540;676;;;;;;;;;;;;1042;;;413;249;2700;2715;2117;1562;;;;;;;;558;;;;;;;;;;;;;;;;;;;;;;;;;;;;;;;;;;;;;;;;;;;;;;;;;;;;;;;;2334
159;2750;4264;2590;4029;16194;33172;16725;33614;62530;68426;56001;58754;15292;12042;19910;18184;28233;32651;28970;33065;6378;5798;7346;6946;;;;;7983;12966;7717;11831;;;412;587;;;;;;;;;;;;559;;;258;230;2150;2073;1621;1255;;;;;;;;462;;;;;;;;;;;;;;;;;;;;;;;;;;;;;;;;;;;;;;;;;;;;;;;;;;;;;;;;1748
160;2454;3347;2254;3240;25959;50320;24373;43730;56749;57931;53247;38208;14818;7367;20574;26041;37180;30117;34171;30914;13668;6158;16961;11113;;;;;3851;3776;3980;4011;;;281;196;;;;;;;;;;;;435;;;297;147;1575;939;1563;695;;;;;;;;196;;;;;;;;;;;;;;;;;;;;;;;;;;;;;;;;;;;;;;;;;;;;;;;;;;;;;1413;;;895
161;2007;1829;1773;1856;22268;42670;21518;41028;55401;57180;51621;48290;18204;12521;21783;18300;29679;32050;30870;33169;18871;12601;19978;15323;;;;;4389;7214;4501;6777;;;366;458;;;;;;;;;;;;660;436;524;391;390;1597;1981;1569;1160;;;;;;;;398;;;;;;;;;;;;;;;;;;;;;;;;;;;;;;;;;;;;;;;;;;;;;;;;;;;;;1436;506;;1483
162;2328;2734;2012;2545;20800;36727;18677;37333;61579;66965;54525;56768;14032;14380;19726;18646;32744;37394;34630;39565;5921;3992;6208;5595;;;;;6320;10081;6200;9864;;;483;779;;;;;;;;;;;;742;;;315;197;;1510;803;1028;;;;;;;;531;;;;;;;;;;;;;;;;;;;;;;;;;;;;;;;;;;;;;;;;;;;;;;;;;;;;;;1452;;1549
163;2294;3541;2123;3445;27060;44240;22991;41587;45876;43711;41081;37904;12106;10781;17147;15284;37433;41369;38448;41092;8109;5882;9524;8574;;;;;3800;4582;3651;5018;;3093;537;2641;;;;;;;;;;;;858;;;305;224;;1998;813;1063;;;;;;;;251;;;;;;;;;;;;;;;;;;;;;;;;;;;;;;;;;;;;;;;;;;;;;;;;;;;;;;;;1361
164;1716;2439;1603;2238;19247;37869;19114;37445;54065;61734;49258;51004;14092;9548;16968;15555;33133;34999;33488;35881;5360;3611;5946;5394;;;;;5229;8198;4975;7781;;1540;463;1571;;;;;;;;;;;;1479;;;281;175;;582;829;577;;;;;;;;340;;;;;;;;;;;;;;;;;;;;;;;;;;;;;;;;;;;;;;;;;;;;;;;;;;;;;;;;1172
165;2151;3218;1955;2925;17168;36910;18846;39330;63211;74778;60413;64971;23820;19446;22051;20697;37166;40790;39545;43834;5896;3799;5919;5183;;;;;7930;12769;7876;12427;;;618;930;;;;;;;;;;3293;;3752;;;373;222;;1700;1157;1065;;;;;;;;508;;;;;;;;;;;;;;;;;;;;;;;;;;;;;;;;;;;;;;;;;;;;;;;;;;;;;1580;701;;1306
166;2884;4182;2857;4143;20864;44886;21336;45066;55605;60281;51459;51120;13097;9751;17402;16173;40265;44680;39659;43997;6491;4290;6418;6082;;;;;5394;6413;5268;6630;;1267;517;1237;;;;;;;;;;1563;;1830;;;316;213;995;1294;1011;838;;;;;;;;324;;;;;;;;;;;;;;;;;;;;;;;;;;;;;;;;;;;;;;;;;;;;;;;;;;;;;520;;;1064
167;2383;3432;2228;3283;21393;41200;20227;41100;55128;58988;49522;49095;12755;10685;16882;16788;33586;36462;35235;37593;5849;5684;6781;6222;;;;;4908;7808;4772;7557;;;569;982;;;;;;;;;1290;2578;;2101;;;251;219;;;815;349;;;;;;;;365;;;;;;;;;;;;;;;;;;;;;;;;;;;;;;;;;;;;;;;;;;;;;;;;;;;;;;;;1099
168;2421;2898;2276;2833;51737;75533;45343;66483;48414;51807;41109;45491;13180;7112;20210;14714;10400;7104;11657;8137;11209;6734;13498;11268;;;;;1756;2096;1393;1706;;;504;873;;;;;;;1121;999;;;;;;;48;83;;;122;91;;;;;;;;130;;;;;;;;;;;;;;;;;;;;;;;115;;;;;;;;;;;;;;;;2175;;;;;;;;;;;;;;311;;;627
169;3801;4050;3513;3834;59621;85117;49114;74140;47643;51470;40134;44773;12188;6619;19820;13884;15453;9718;17656;11414;19246;13119;23320;20086;;;;;1594;1884;1275;1519;;;470;760;;;;;;;1374;1028;;;;;319;480;173;257;;;159;98;;;;;;;;123;;;;;;;;;;;;;;;;;;;;;;;112;;;;;;;;;;;;;;;;3523;;;;;;;;;;;;;;715;;;871
170;4254;4899;3903;4353;53275;75269;45401;65876;45711;49882;39966;43457;12290;5699;17526;12750;11080;6514;12927;8622;7530;4283;10679;9804;;;;;2128;2402;1939;2234;;;422;888;;;;;;;1004;1000;;;;;;;35;67;;;155;164;;;;;;;;217;;;;;;;;;;;;;;;;;;;;;;;95;;;;;;;;;;;;;;;;1948;;;;;;;;;;;;;;;1467;;515
171;3713;3958;3630;3880;56519;76040;47585;68359;47053;51474;40592;43426;13487;7328;19854;14995;11395;7402;12958;8738;9370;6776;12935;10953;;;;;2275;2608;1813;2237;;;556;1183;;;;;;;1256;1110;;;;;;;37;82;;;119;109;;;;;;;;159;;;;;;;;;;;;;;;;;;;;;;;128;;;;;;;;;;;;;;;;2382;;;;;;;;;;;;;;;;;532
172;4391;5175;4275;4920;51712;67136;38139;54957;47322;51653;41356;45080;10964;5423;17410;13246;10857;6826;13181;8758;10366;5685;16884;14231;;;;;1690;1517;1290;1560;;1858;843;1807;;;;;;;1116;924;;;;;;;27;43;;;151;139;;;;;;;;128;;;;;;;;;;;;;;;;;;;;;;;76;;;;;;;;;;;;;;;;2625;;;;;;;;;;;;;;;1102;;485
173;2382;2778;2195;2620;47897;66250;40485;58583;60214;63801;50391;54175;12968;7130;21137;16852;9815;7321;12133;9014;11032;6959;13382;11793;;;;;2922;3648;2236;3053;;;741;1378;;;;;;;1431;1296;;2019;;;;;40;51;;;147;123;;;;;;;;215;;;;;;;;;;;;;;;;;;;;;;;127;;;;;;;;;;;;;;;;2972;;;;;;;;;;;;;;;;;555
174;3104;3638;2730;3678;55331;73793;44222;62080;59441;64468;50276;54529;17928;12205;25687;21076;11399;8081;14605;9887;14140;8976;18853;17023;;;;;2328;2870;1853;2269;;;701;1357;;;;;;;1528;1327;;;;;;;46;65;;;193;128;;;;;;;;171;;;;;;;;;;;;;;;;;;;;;;;158;;;;;;;;;;;;;;;;3962;;;;;;;;;;;;;;1253;;;565
175;3848;4174;3584;4090;41388;54765;34783;55453;86084;72048;70740;78943;17415;5653;30594;19172;11923;4989;13377;8815;12556;5238;14727;11041;;;;;3591;1967;2722;2778;;;1337;2524;;;;;;;1599;1503;;;;;;;58;88;;;221;202;;;;;;;;226;;;;;;;;;;;;;;;;;;;;;;;186;;;;;;;;;;;;;;;;3034;;;;;;;;;;;;;;;39545;;875
176;4081;4624;3660;7209;35257;51838;29758;43215;62748;65756;49902;54583;16255;13207;27979;22741;7522;5614;9229;6655;12976;7409;15877;14373;;;;;1081;1925;1055;1370;862;;807;1091;;;;;2074;;1472;1091;;;;;;;26;42;;;127;107;;;;;;;;116;;;;;;;;;;;;;;;;;;;;;;;74;;;;;;;;;;;;;;;;2552;;;;;;;;;;;;;;;;;655
177;2300;2886;2217;2596;59420;80828;45085;64729;73702;78156;60038;64594;16284;7788;31612;23215;11116;7439;13681;9267;12425;7251;19242;17051;;;;;3792;4176;3426;3695;;;677;1221;;;;;2631;;2069;1566;;;;;;;45;83;;;182;172;;;;;;;;231;;;;;;;;;;;;;;;;;;;;;;;138;;;;;;;;;;;;;;;;3623;;;;;;;;;;;;;;328;1039;;797
178;4122;4468;4002;4524;45127;62690;36352;54870;75224;81513;60875;68569;17463;9347;30530;21553;9066;5502;10853;7013;13141;8924;17210;15110;;;;;1432;2256;1490;1737;1603;;1133;1060;;;;;;;1665;1319;;;;;;;32;45;;;174;167;;;;;;;;160;;;;;;;;;;;;;;;;;;;;;;;106;;;;;;;;;;;;;;;;3199;;;;;;;;;;;;;;;1383;;661
179;3400;4154;2837;3505;42751;60916;30892;45173;53416;56861;40831;44485;12350;6005;23194;18441;9016;5473;11333;7127;10970;6395;18560;18431;;;;;1516;1919;1070;1283;;;1049;1439;;;;;;;1005;933;;;;;;;37;36;588;653;269;270;;;;;;;;87;;;;;;;;;;;;;;;;;;;;;;;125;;;;;;;;;;;;;;;;2839;;;;;;;;;;;;;;444;;;716
180;2374;2616;2221;2417;59413;79621;42154;63392;68704;77996;56834;64688;15523;7767;30368;21477;11985;8420;15139;10063;11572;6938;19324;16816;;;;;2289;3368;2317;2378;1764;;1689;2139;;;;;3287;;2568;1995;;;;;;;41;61;;;220;200;;;;;;;;177;;;;;;;;;;;;;;;;;;;;;;;142;;;;;;;;;;;;;;;;3763;;;;;;;;;;;;;;;;;910
181;4067;4642;4045;4456;36629;50418;29515;43337;72680;80848;56989;63644;18588;8411;33225;26019;7718;4806;8699;5736;15618;11988;18258;15828;;;;;1694;1894;1140;1198;;;701;958;;;;;;;1437;1061;;;;;;;30;35;;;165;114;;;;;;;;111;;;;;;;;;;;;;;;;;;;;;;;110;;;;;;;;;;;;;;;;3157;;;;;;;;;;;;;;;;;710
182;2821;2967;2322;2581;39147;52850;29107;41413;45866;49510;36031;39377;12876;7603;22761;17205;12031;7783;14551;9357;15701;12650;20645;20739;;;;;1327;2408;1266;1636;862;;824;1044;;;;;1879;;1415;1328;;;;;170;;92;108;353;;210;121;;;;;;;;95;;;;;;;;;;;;;;;;;;;;;;;81;;;;;;;;;;;;;;;;3355;;;;;;;;;;;;;;;;;938
183;2217;3059;2091;2502;45074;52063;33243;46265;55027;57539;43089;45133;14336;6591;27031;21432;11998;7188;15397;10029;23403;28925;28225;27117;;;;;1546;1957;1183;1395;;;651;913;;;;;2077;;1503;1287;;;;;;;62;82;416;;190;111;;;;;;;;105;;;;;;;;;;;;;;;;;;;;;;;102;;;;;;;;;;;;;;;;3722;;;;;;;;;;;;;;;;;979
184;2671;3192;2150;2607;44973;62419;35058;52132;45410;48321;37526;40054;10177;4957;18630;14182;9449;5736;11103;6824;12072;8100;15677;14261;;;;;2457;2475;1680;1760;;;1098;1440;;;;;;;1463;1155;;588;;;;;60;91;;;178;109;;;;;;;;171;;;;;;;;;;;;;;;;;;;;;;;109;;;;;;;;;;;;;;;;2772;;;;;;;;;;;;;;482;;;650
185;3099;3240;2765;3007;44542;66517;34376;53436;62281;72653;49267;60127;15843;7990;28409;20946;11594;7193;13813;8578;15243;9325;19863;18135;;;;;2434;2637;1766;1848;;;1068;1275;;;;;2722;;1858;1364;;;;;;;41;65;;;198;128;;;;;;;;143;;;;;;;;;;;;;;;;;;;;;;;150;;;;;;;;;;;;;;;;3835;;;;;;;;;;;;;;229;;;844
186;3969;3953;4213;3379;60581;80289;43605;65693;60536;67498;49924;54617;13553;6584;26539;19442;11213;6955;14869;9452;20963;14557;29727;25435;;;;;1860;2039;1501;1587;;;788;936;;;;;;;1650;1375;;966;;;;359;87;196;;;173;119;;;;;;;;166;;;;;;;;;396;;;;;;;;;;;;;;132;;;;;;;;;;;;;;3866;;4390;;;;;;;;;;;;;;;;;757
187;3467;4169;3050;3641;50797;76617;42756;63338;69191;76696;56677;65039;18409;9421;29697;21458;11574;7275;13403;8810;16215;8882;19379;17382;;;;;2183;2912;1907;2176;1772;;1723;1867;;;;;;;1765;1668;;;;;;;79;80;;;228;160;;;;;;;;193;;;;;;;;;;;;;;1011;;;;;;;;;137;;;;;;;;;;;;;;;;4098;;;;;;;;;;;;;;1281;;;851
188;5386;4950;4959;4742;44903;64837;35748;54838;64472;68835;50275;56712;12966;5953;25219;17323;9171;5177;10891;6617;11296;5946;15683;13411;;;;;2365;2541;1607;1961;;;1458;1773;;1857;;;;;1618;1457;;;;;;;41;65;;;165;126;;;;;;;;222;;;;;;;;;;;;;;;;;;;;;;;113;;;;;;;;;;;;;;;;2782;;;;;;;;;;;;;;;;;720
189;3135;2948;2708;2869;22854;46127;22341;44045;57882;57982;51863;50360;9942;7455;14382;13068;33005;32141;32391;34797;5540;3824;6507;6121;;;;;3798;5134;3631;4950;;;299;750;;2559;;;;;;;;;;;;;127;403;;;;;;;;;;;;;;;;;;;;;;;;;;;;;;;;;;;;;;;;;;;;;1416;;1009;;;;2309;;;;;;;;;;;;;;309;;;1082
190;1658;3123;1545;2769;29106;53696;23845;47724;44903;43695;42063;40233;8211;7301;11921;11506;35666;34133;36508;37711;4921;4412;6451;6541;;;;;4864;6008;4607;5727;;;467;1051;;;;;;;;;;;;;;789;268;774;;;;;;;;;;;;;;;;;;;;;;;;;;;;;;;;;;;;;;;;;;;;;;;489;;;;2516;;;;;;;;;;;;;;1392;2126;;1166
191;1984;3206;1912;2933;22819;44638;21692;43332;42674;46738;39696;40334;9800;7596;12661;12115;39568;41234;37923;40688;5754;4391;6064;6037;;;;;4855;6824;4383;6187;;;491;1274;;;;;;;;;;;;;;;186;501;;;;;;;;;;;;;;;;;;;;;;;;;;;;;;;;;;;;;;;;;;;;;;;406;;;;2581;;;;;;;;;;;;;;595;;;1340
192;1860;3661;1842;3274;37032;60384;27092;50019;40063;47115;42479;42966;10056;7598;12393;12399;35942;34761;38257;40120;7391;4171;7608;7170;;;;;5475;7118;4924;6296;;;513;1096;;;;;;;;;;1085;;;;;191;715;;;;;;;;;;;;;;;;;;;;;;;;;;;;;;;;;;;;;;;;;;;;;;;499;;;;3992;;;;;;;;;;;;;;1848;;;1645
193;2112;3619;1971;3425;33488;52304;26897;51375;45931;45728;41777;37749;8897;6801;13429;12638;43050;43520;41801;43048;12137;12553;15630;13638;;;;;4151;5145;3762;4235;;;451;1241;;;;;;;;;;;;;;;293;536;;;;;;;;;;;;;;;;;;;;;;;;;;;;;;;;;;;;;;;;;;;;;;;600;;;;4958;;;;;;;;;;;;;;1620;;;2080
194;1962;3221;1638;2732;34658;59508;28034;57984;46590;45982;44951;40230;15695;10970;16832;15366;49344;55080;48724;51886;11471;9155;13243;12396;;;;;4771;6529;4209;5930;;;574;1132;;;;;;;;;;;;;;;190;535;;;;;;;;;;;;;;;;;;;;;;;;;;;;;;;;;;;;;;;;;;;;;;;634;;;;5519;;;;;;;;;;;;;;;;;2064
195;2274;3248;1893;2949;20224;42586;19006;39083;42988;44714;37841;37865;9237;7289;12557;12571;33672;36507;33017;37611;4196;3661;4919;5423;;;;;4720;6406;4168;6037;;;397;912;;;;;;;;;;;;;;;156;461;;;;;;;;;;;;;;;;;;;;;;;;;;;;;;;;;;;;;;;;;;;;;;;478;;;;2707;;;;;;;;;;;;;;;;;1469
196;1952;3159;1743;2890;27824;53561;25004;52230;46726;46818;44770;44322;12534;8850;14342;13278;45820;46099;45439;49406;5684;4687;6654;6501;;;;;6574;8520;5978;8164;;;615;1254;;;;;;;;;;;;;582;806;395;1089;;;;;;;;;;;;;;;;;;;;;;;;;;;;;;;;;;;;;;;;;;;;;;;557;;;;3340;;;;;;;;;;;;;;934;8131;;1616
197;2261;3614;1845;3226;27055;47046;22682;46986;39600;41833;38338;38376;10313;8108;12118;12068;41361;44753;40815;43073;5936;4981;6762;6149;;;;;4380;5780;3941;5462;;;532;1256;;2412;;;;;;;;;;;;;185;654;;;;;;;;;;;;;;;;;;;;;;;;;;;;;;;;;;;;;;;;;;;;;;;414;;;;3109;;;;;;;;;;;;;;;;;1155
198;1857;3120;1606;2854;61544;82753;42279;66828;66214;81308;61307;72203;17881;7492;28754;20866;11331;7276;15360;9514;9518;4324;14005;11492;;;;;2438;2042;1820;1842;;;689;786;;;1548;1689;;;;;;1750;1022;1532;;;72;128;;;;;;;;;;;;;;;;;;;;;;;;;;;;;;;;;;;123;;;;;;;;;;;;327;;;;2758;;;;;;;;;;;;;;;;;
199;3873;3365;2735;3430;33987;53578;28973;47636;62145;73883;54737;64612;20470;8697;25933;18276;8310;5616;10171;6786;10094;5748;11622;8962;;;;;1527;1512;1192;1266;;;409;565;;;1123;1290;;;;;;;288;416;;;31;75;;;;;;;;;;;;;;;;;;;;;;;;;;;;;;;;;;;79;;;;;;;;;;;;397;;;;2204;;;;;;;;;;;;;;;;;
200;2813;3483;2187;2633;38080;58645;32414;52665;59853;67876;49065;57205;13084;6888;23679;17953;9935;6287;11239;7227;13222;8120;13732;11171;;;;;1483;1624;1188;1431;;;432;593;;;1118;1272;;;;;;;227;396;;;31;86;;;;;;;;;;;;;;;;;;;;;;;;;;;;;;;;;;;98;;;;;;;;;;;;324;;;;2690;;;;;;;;;;;;;;;;;
201;3133;2585;2553;2026;29859;45617;26447;42870;60105;69904;50302;59542;15714;10584;24248;19253;9035;6133;10568;6821;9724;5633;10265;7954;;;;;1521;1673;1137;1389;;;485;660;;;1286;1322;;;;;;;386;558;;;25;66;;;;;;;;;;;;;;;;;;;;;;;;;;;;;;;;;;;100;;;;;;;;;;;;284;;;;2023;;;;;;;;;;;;;;;;;
202;4233;4343;2635;3452;37332;60167;34984;55731;61167;62007;43300;48629;8684;6531;21190;17107;11579;6734;14197;8663;8768;5603;11065;9426;;;;;1798;2332;1560;2150;;;547;877;;;1158;1480;;;;;;;248;451;;;36;80;;;;;;;;;;;;;;;;;;;;;;;;;;;;;;;;;;;158;;;;;;;;;;;;260;;;;2030;;;;;;;;;;;;;;801;837;;
203;3062;3522;2458;3139;28042;47087;22419;38928;53705;63253;48270;56908;16213;7443;22500;16636;8043;4875;9642;5968;9274;4923;9922;7442;;;;;1295;1614;1021;1396;;;354;577;;;1237;1419;;;;;;;149;230;;;22;76;;;;;;;;;;;;;;;;;;;;;;;;;;;;;;;;;;;92;;;;;;;;;;;;266;;;;1717;;;;;;;;;;;;;;;;;
204;3429;3428;2390;3043;34948;56943;30348;50891;61594;60422;50210;50775;11237;6210;20354;14752;11583;6141;13070;8133;14109;7863;16456;12467;;;;;1315;1561;1092;1478;;;347;605;;;1111;1297;;;;;;;154;243;;;27;82;;;;;;;;;;;;;;;;;;;;;;;;;;;;;;;;;;;74;;;;;;;;;;;;284;;;;2483;;;;;;;;;;;;;;;1016;;
205;3552;3725;2328;3158;44416;62825;36122;55571;65215;76418;53078;63326;16541;7497;28104;20437;11884;7094;13186;8303;10685;6245;13047;10964;;;;;2347;2486;1895;2151;;;638;908;;;1627;1573;;;;;;1381;540;959;;;31;88;;;;;;;;;;;;;;;;;;;;;;;;;;;;;;;;;;;118;;;;;;;;;;;;311;;;;2948;;;;;;;;;;;;;;;;;
206;3255;3727;2698;3393;57338;79760;43303;65285;68081;76345;61777;66416;22054;16930;29045;25213;10737;7204;13922;8964;23696;11235;29745;23409;;;;;2043;2382;1153;1626;;;2265;2388;;;1035;1669;;;;;;;245;379;;;34;125;304;;;;;;;;;;;;;;;;;;;;;;;;;;;;;;;;;;96;;833;;;;;;;;2384;;1305;;;;4553;;;;;;;;;;;;;;;935;;
207;3627;3861;2619;3178;54255;70456;39125;58541;51892;57443;46831;51561;14051;9492;22748;17740;10218;7003;12098;8176;10515;5931;14609;11188;;;;;3259;3475;2284;3021;;;1508;1647;;;1468;1678;;;;;;;421;662;;;30;100;;;;;;;;;;;;;;;;;;;;;;;;;;;;;;;;;;;137;;;;;;;;;;;;425;;;;2909;;;;;;;;;;;;;;;;;
208;3191;3841;2788;3327;48713;71775;40325;62072;57736;65848;48785;56038;12878;7331;22392;17301;13002;7509;15457;9624;9277;5885;12919;11585;;;;;1807;2444;1798;2417;3631;4639;3601;4578;;;1443;1815;;;;;;;314;438;210;437;121;280;;;;;;;;;;;;;;;;;;;;;;;;;;;;;;;;;;;158;;;;;;;;;;;;319;;3188;;3079;;;;;;;;;;;;;;;;;
209;3013;4002;2744;3722;40404;66113;36117;57534;71481;77707;57953;65254;14870;7949;26988;20259;12546;6708;13486;8447;13748;8319;16485;14211;;;;;2710;1700;1935;1723;;3496;1918;3522;3140;;2217;2007;;;;;;1405;453;832;;;44;88;;;;;;;;;;;;;;;;;;;;;;;;;;;;;;;;;;;116;;;;;;;;;;;;426;;;;3030;;;;;;;;;;;;;;1283;;;
210;3870;4109;2884;3629;55070;77325;44362;68201;52311;61781;45212;51844;14725;8687;22932;18237;22205;14464;22670;15397;10834;7596;13936;12369;;;;;4143;4922;3197;3971;;;1373;2176;;;2074;2520;;;;;;;414;544;;;55;151;;;;;;;;;;;;;;;;;;;;;;;;;;;;;;;;;;;132;;;;;;;;;;;;406;;;;3421;;;;;;;;;;;;;;;;;
211;4062;4905;3166;4270;34342;51556;28982;45927;50035;59788;44143;52408;14105;8801;19605;15082;15989;11572;16977;12199;8840;4550;8528;7226;;;;;3598;4624;2533;3023;;;1662;3005;;;1945;2307;;;;;;;387;551;;;32;102;;;;;;;;;;;;;;;;;;;;;;;;;;;;;;;;;;;114;;;;;;;;;;;;391;;;;2561;;;;;;;;;;;;;;;;;
212;4156;5350;3205;4411;42287;61710;34790;53394;61994;70851;52517;60911;19431;10276;26201;19833;10926;6413;13137;7932;12637;7794;15635;13034;;;;;3230;2090;2272;2128;;3418;1980;3453;;;1889;2238;;;;;;1317;575;835;;;59;153;;;;;;;;;;;;;;;;;;;;;;;;;;;;;;;;;;;134;;;;;;;;;;;;609;;;;3322;;;;;;;;;;;;;;1925;;;
213;3719;3873;3029;3831;16724;25111;14831;24770;;;;;9508;5514;13992;10413;5362;3006;5641;3328;8477;6451;8923;6894;67284;79539;57712;71871;2045;2280;1347;1666;;;1086;1528;;;789;720;;;650;;;;99;151;;;20;52;1369;1020;309;271;;;1297;971;;;;;;;;;;;;;;;;;;;143;;;;;;;;63;;;;251;;;;;;;;1517;;;;1896;;;;720;;;;;;;;;;;;;647
214;1738;1947;1221;1586;24402;35731;19106;30981;;;;;16433;7708;22094;15256;6073;3698;6265;3947;17573;10767;17458;12844;67518;83991;61088;76249;1837;2038;1018;1066;;;1711;1667;;;996;1014;;;959;;;;91;143;;;35;44;;;54;82;;;1434;858;;;;;;;;;;;;;;;;;;;114;;;;;;;;60;;;;289;;;;;;3969;;2453;;;;2562;;;;1416;;;;;;;;;;327;;;811
215;2228;2351;1157;1322;20791;36283;19915;34693;;;;;19711;8665;21848;15836;8247;4473;8120;4883;25408;12064;18400;12708;69229;87477;66336;80909;2558;2139;1808;1687;;;900;1255;;;1021;1019;;;988;;;;155;225;;;31;61;;;43;83;;3665;1400;1331;;;;;;;;;;;;;;;;;;;119;;;;;;;;66;;;;327;;;;;;;;1878;;;;3583;;1650;;1581;;;;;;;;;;;;;834
216;2123;2279;1198;1521;35851;52329;29734;45927;;;;;20997;12199;30319;21471;7311;4764;8969;5430;20344;15698;23583;19959;91947;108897;80517;98089;2053;2466;1536;1591;;;895;1205;;;1086;1122;;;1350;;;;157;244;;;37;66;;;74;104;3172;;2027;969;;;;;;;;;;;;;;;;;;;141;;;;;;;;105;;;;417;;;;;;3197;;1902;;;;3649;;2462;;2230;;;;;;;;;;793;;;1085
217;2171;2785;1570;1876;26825;40630;26877;48613;;;;;14151;4709;21566;14183;10936;5075;10717;5834;14174;7741;14283;10631;99482;121771;86686;97356;3308;2735;2588;2334;;;1269;1983;;2132;1157;1634;;;999;;;;227;354;;;34;60;661;;120;82;;;1351;995;;;;;;;;;;;;;;;;;;;146;;;;;;;;86;;;;228;;;;;;3874;;2327;;;;3448;;;;592;;;;;;;;;;466;;;844
218;2441;2530;1617;2420;55691;65893;31067;45157;;;;;15766;7272;28189;18274;7773;3959;10705;6082;15307;8337;27405;22367;57161;61739;48622;54704;1531;1334;1117;1134;;;482;631;;1207;461;717;;;1019;;;;96;171;123;;70;77;217;260;95;135;;716;751;614;;;;;;;;;;;;;;;;;;;85;;;;;;;;73;;;;306;;;;;;1732;;1283;;;;4164;;;;932;;;;;;;;;;1285;;;915
219;1459;1545;1123;1284;44917;61036;32109;48238;;;;;24022;12650;31531;22078;9109;4833;10996;6158;21722;14060;27466;23001;61412;73067;55854;65031;1286;1563;1038;1101;;;439;716;;;546;591;;;1099;;;;106;148;;;51;76;221;1089;127;245;1574;;1079;608;;;;;;;;;;;;;;;;;;;83;;;;;;;;74;;;;352;;;;;;2147;;1283;;;;3715;;1616;;1358;;;;;;;;;;839;;;1029
220;1469;2082;1028;1360;43835;56508;30403;44729;;;;;17033;9134;25600;18372;8266;4099;10603;5953;20507;12470;26219;20697;58849;67133;51064;58952;1289;1363;1073;1198;;;503;598;;1518;493;703;;;1005;;;;153;205;;;54;73;460;441;148;193;;;813;523;;;;;;;;;;;;;;;;;;;111;;;;;;;;63;;;;325;;;;;;2097;;1236;;;;3624;;;;1176;;;;;;;;;;1784;;;977
221;1546;1720;1000;1213;47101;65603;32308;47653;;;;;20442;8098;29355;19896;9665;4768;11587;6577;24967;13180;33340;27261;63075;71321;53814;61266;1413;1552;1029;1207;;;498;719;;1720;528;861;;;1120;;;;160;190;;;33;64;412;381;140;181;;;929;591;;;;;;;;;;;;;;;;;;;117;;;;;;;;69;;;;361;;;;;;2623;;1550;;;;4045;;;;1069;;;;;;;;;;1879;374;;993
222;1561;1908;1086;1446;35805;56830;30776;45027;;;;;24634;11630;36208;27439;6914;3750;8318;4826;24386;14555;23433;20018;83856;98674;73273;85350;1480;1834;1099;1231;;;775;856;1975;;1099;917;;;1084;;;;102;196;;;20;51;;;57;107;;;1016;815;;;;;;;;;;;;;;;;;;;78;;;;;;;;86;;;;322;;;;;;2027;;1467;;;;3358;;1636;;1434;;;;;;686;;;;;;;1116
223;1716;2022;1110;1346;23041;37351;20380;35482;;;;;14745;7045;23226;16044;5967;3598;7074;4314;19499;12159;18258;13437;82305;102768;74860;93811;1172;1267;1186;1191;3455;4151;2960;3079;;;926;1134;;;966;;;;149;280;;;34;65;375;454;193;300;3612;;2659;1205;;;;;;;;;;;;;;;;;;;195;;;;;;;;73;;;;455;;;;;;3905;;2669;;;;2503;;1749;;1602;;;;;;;;;;;1741;;1058
224;2087;2543;1544;1677;29651;43843;24158;38408;;;;;27350;15733;36046;26850;7215;3858;7705;4566;19809;14839;23110;19618;101261;119161;83545;104663;2283;2230;1455;1456;;;804;1093;;;946;913;;;1214;;;;143;238;;;33;61;;;73;101;;;1995;1368;;;;;;;;;;;;;;;;;;;164;;;;;;;;106;;;;531;;;;;;;;1765;;;;2724;;;;2081;;;;;;;;;;;;;977
225;2523;2428;1494;1780;21406;33582;17747;30823;;;;;10142;5567;18243;12844;6156;4102;7122;4339;16188;9390;16341;11072;76741;99041;68886;89686;2063;2373;1641;1752;;;1420;1776;;;727;952;;;864;;;1036;245;542;;;16;51;608;;139;125;2860;;2163;1162;;;;;;;;;;;;;;;;;;;249;;;;;;;;71;;;;325;;;;;;2409;;1927;;;;1868;;1296;;1188;;;;;;749;;;;;;;783
226;1966;2553;1402;1737;25894;41229;23512;39115;;;;;19076;9166;28911;20702;7568;5068;8897;5504;21516;15068;20871;16425;94302;114756;83058;104036;1883;2278;1501;1630;;;835;1232;;;1257;1275;;;1128;;;;219;371;;;28;79;;;57;111;3399;3754;2740;2296;;;;;;;;;;;;;;;;;;;193;;;;;;;;91;;;;489;;;;;;4511;;3277;;;;3098;;1921;;1966;;;;;;;;;;1323;1714;;951
227;2439;2574;1704;1880;15336;25586;13611;22111;;;;;11065;6206;13485;8530;6851;3603;7536;4045;6717;3204;6189;4041;49398;65555;43628;62255;3039;3313;2190;2370;;;1449;2109;;;686;718;;;537;;;;110;204;;;17;34;;;25;43;;;1213;950;;;;;;;;;;;;;;;;;;;112;;;;;;;;46;;;;187;;;;;;;;1178;;;;1160;;;;514;;;;;;992;;;;;;;562
228;1524;1729;1049;1224;25337;40546;23634;39785;;;;;22940;12895;24031;17012;9362;5195;9554;5583;17133;12223;15002;11039;84953;107698;82466;102023;3295;4118;2373;2906;;;1373;1533;;;1152;1376;;;1172;;;;130;233;;;28;62;;;41;124;;;1397;1363;;;;;;;;;;;;;;;;;;;155;;;;;;;;80;;1176;;710;;;;;;4051;;2635;;;;2843;;;;705;;;;;;;;;;;;;963
229;2818;3412;1584;2085;16573;27765;17773;29997;;;;;22069;12927;18202;12095;9217;4142;9198;4571;8767;6429;9054;6516;54275;76236;52476;71879;2600;2801;2077;2015;;;792;1256;;;789;781;;;723;;;;100;182;;;18;37;;;40;82;;;912;921;;;;;;;;;;;;;;;;;;;116;;;;;;;;72;;;;226;;;;;;3212;;2392;;;;1618;;;;547;;;;;;;;;;;;;666
230;1536;2120;1124;1422;17920;25816;14151;23382;;;;;10305;5390;14359;8694;4868;;5742;2966;5828;4643;6786;4849;54904;75543;51702;71195;1743;3349;1761;2405;1719;;1388;1536;;;674;807;;;599;;;;59;120;;;20;54;522;1554;124;295;;;1140;816;;;;;;;;;;;;;;;;;;;157;;;;;;;;54;;;;194;;;;;;4626;;2472;;;;1392;;;;486;;;;;;;;;;;;;603
231;2052;3310;1227;1883;24922;24953;15817;25931;;;;;8650;4210;15232;9272;5410;3731;7257;4292;4372;3813;5925;4184;61572;85192;55844;74793;2519;3390;2085;2627;;;1258;1660;;;772;1019;;;629;;;;69;129;;;13;48;;;28;52;;;1232;980;;;;;;;;;;;;;;;;;;;93;;;;;;;;47;;;;171;;;;;;3040;;2831;;;;1526;;;;534;;;;;;;;;;602;;;699
232;1621;1975;1345;1578;30587;41223;25606;42738;;;;;18922;7146;19418;12185;10544;5110;10629;5746;13833;8094;12807;8714;71148;96174;68586;86155;3818;3617;2839;3271;;;913;1112;;;1284;1309;;;965;;;;234;443;;;37;58;;;62;113;;2093;1026;1254;;;;;;;;;;;;;;;;;;;198;;;;;;;;105;;;;213;;;;;;;;2083;;;;3686;;1493;;1288;;;;;;;;;;;;;899
233;3314;2981;1680;2441;35207;50566;29375;46510;;;;;21618;8392;22998;15999;10514;5309;11453;6463;14784;11152;18343;15210;75653;94356;72120;86356;2753;2819;2297;2488;;;1100;1129;;2710;1037;1664;;;1316;;;;153;184;;;40;61;;474;68;188;;2346;1078;1483;;;;;;;;;;;;;;;;;;;129;;;;;;;;101;;;;430;;;;;;4410;;2772;;2903;;3566;;1227;;1171;;;;;;;;;;;;;778
234;1933;2468;1455;2079;34321;44381;24828;41539;;;;;11058;4773;16553;11024;9396;5300;11310;5937;6423;4860;8580;6045;72791;91714;66951;84368;3463;4600;3020;3752;;;1185;1623;;;1225;1320;;;966;;;;159;247;;;22;64;;;49;88;;;1288;1218;;;;;;;;;;;;;;;;;;;226;;;;;;;;94;;;;191;;;;;;2830;;2305;;;;2269;;;;761;;;;;;;;;;1506;2103;;780
235;2151;2785;1957;2511;24261;36454;24467;39773;;;;;8664;3735;14272;8458;6567;3477;9093;4764;6031;3142;8060;5149;54891;64110;54009;67015;2994;2271;3071;2722;;;693;1003;;;1132;1029;;;872;;;;108;192;;;21;55;;;33;83;;1263;1054;1162;;;;;;;;;;;;;;;;;;;222;;;;;;;;59;;;;176;;;;;;1563;;1565;;;;2207;;;;642;;;;;;;;;;17196;17944;;755
236;1859;2240;2270;2476;26044;31777;19553;32012;;;;;13590;7137;17523;12189;7601;;8316;4702;11726;13782;13512;10386;62548;76536;57433;67980;1899;4201;1759;2319;2213;;1937;2262;;;1061;889;;;790;;;;188;329;;;58;115;;;33;89;1562;;770;505;;;;;;;;;;;;;;;;;;;138;;;;;;;;55;;;;244;;;;;;;;754;;;;3041;;;;714;;;;;;;;;;303;;;755
237;1563;2566;1170;1467;23920;36352;22018;36118;;;;;9898;6703;16066;11557;6318;3808;6865;4355;13096;5396;10937;7802;58848;70928;51124;61086;1701;2421;1593;1802;1855;;1520;2084;;;818;658;;;690;;;881;293;531;;;20;43;;;30;45;;;414;257;;;;;;;;;;;;;;;;;;;131;;;;;;;;50;;;;181;;;;;;;;595;;;;2401;;;;570;;;;;;;;;;;;;664
238;1654;1909;974;1396;28882;41705;26869;41691;;;;;8805;4803;13398;10348;7475;4073;8116;4732;9380;6580;8707;6468;55174;65352;49248;57476;2775;3175;2384;2886;;;614;795;;;711;718;;;597;;;;231;313;;;35;99;;;25;57;;;261;224;;;;;;;;;;;;;;;;;;;70;;;;;;;;56;;;;165;;;;;;1234;;697;;;;2093;;;;302;;;;;;;;;;342;;;651
239;1784;2391;1272;1621;33763;51635;29265;45909;;;;;9604;4601;14036;11519;9994;5289;10550;6105;9302;4623;8678;7001;57632;69788;51661;61441;3094;3224;2458;2609;;;916;1421;;;999;974;;;1005;;;;511;807;;;31;47;;;49;98;;;487;496;;;;;;;;;;;;;;;;;;;111;;;;;;;;93;;;;167;;;;;;;;484;;;;2248;;;;612;;;;;;;;;;650;;;899
240;2057;2403;1735;2237;18717;35160;21863;36213;;;;;4885;4991;14520;10384;6624;4308;8038;4876;5985;5226;8731;6385;86658;81041;62880;70251;3027;4241;2682;3185;;;1215;1828;;;1045;922;;;827;;;;259;396;;;25;63;;;48;86;;;546;470;;;;;;;;;;;;;;;;;;;112;;;;;;;;59;;;;185;;;;;;1407;;1091;;;;2332;;;;659;;;;;;;;;;;;;686
241;1198;2691;1384;1913;37133;55329;32847;53775;;;;;17346;7475;23222;14434;9231;5171;12176;6537;14054;9851;17294;13327;80239;100090;68128;87051;3835;4213;3023;3063;;;1301;2482;;;1520;1244;;;1061;;;2214;618;1483;;;37;101;;;42;101;;;553;405;;;;;;;;;;;;;;;;;;;187;;;;;;;;128;;;;400;;;;;;3658;;2662;;3248;;3512;;;;1159;;;;;;;;;;692;;;1104
242;2553;3192;2119;2428;32269;54726;28248;44033;;;;;12736;4913;20048;13184;8275;3113;8821;4574;15036;7203;18043;14723;60685;65612;48552;57370;1596;1799;1362;1553;;;596;648;1946;;1095;695;;;794;;;564;208;437;;;45;68;;477;37;170;;;308;279;;;;;;;;;;;;;;;;;;;70;;;;;;;;50;;;;210;;;;;;1686;;1177;;;;4096;;;;994;;;;;;;;;;281;;;662
243;1335;1470;1091;1481;44505;65014;37820;60544;;;;;15361;7896;24978;16317;13798;7913;14667;7883;17109;10319;20314;15160;76897;92017;63392;79648;3551;4580;2714;3374;;;1251;1617;;;1512;1327;;;1355;;;;393;784;;;66;121;;;66;104;;;492;413;;;;;;;;;;;;;;;;;;;142;;;;;;;;136;;;;364;;;;;;;;1610;;4166;;5035;;;;1604;;;;;;2042;;;;;;;1149
244;2512;3120;2030;2418;41246;55046;29751;46456;;;;;10652;5317;18528;12476;10923;5780;12554;7178;15043;9878;20934;17221;48943;57917;40094;49634;2320;2283;1835;1944;;;611;693;;;620;557;;;1129;;;638;168;461;187;218;106;161;;;52;77;;907;233;428;;;;;;;;;;;;;;;;;;;89;;;;;;;;79;;;;313;;;;;;;;847;;4268;;4940;;;;1081;;;;;;;;;;;;;927
245;1572;1729;1190;1500;37159;52523;30766;47925;;;;;10498;5433;14592;10285;10794;5320;11698;6595;10048;7411;12210;10144;47519;59510;42645;54367;3136;2968;2548;2358;;;752;1031;;;776;672;;;946;;;820;209;569;;;62;125;;;44;74;;1303;267;594;;;;;;;;;;;;;;;;;;;85;;;;;;;;80;;;;262;;;;;;;;753;;2653;;3220;;1290;;1500;;;;;;;;;;;;;898
246;1689;2346;1371;1997;40464;60277;36327;57883;;;;;18809;7968;23177;14254;9610;5511;11262;6333;16521;9557;19517;13359;75280;91633;64763;81783;3289;3227;2487;2528;;;1474;1213;;;1139;935;;;1162;;;1437;359;871;;;28;76;;;42;72;;;495;375;;;;;;;;;;;;;;;;;;;120;;;;;;;;94;;;;361;;;;;;;;1065;;3205;;3690;;1642;;1822;;;;;;;;;;;;;932
247;2256;3627;1692;2623;25143;37309;23235;37783;;;;;15185;6897;20868;14883;8072;4227;8828;4952;22717;16105;15071;11050;56491;73957;53201;66568;2716;2601;1750;1607;;;1791;2174;;;1089;1052;;;917;;;;99;198;;;67;152;;;50;92;;;329;337;;;;;;;;;;;;;;;;;;;120;;;;;;;;60;;;;246;;;;;;1841;;979;;;;2828;;;;1180;;;;;;;;;;;;;848
248;2840;3187;2297;2587;28487;41885;23712;37654;;;;;13592;7778;22188;15888;13000;7465;13717;8422;14723;10539;12475;9646;85574;98772;75708;91645;3305;4238;2504;3245;;;1580;2701;;;1339;1194;;;804;;;1175;259;603;;;33;96;;;56;86;;;495;378;;;;;;;;;;;;;;;;;;;196;;;;;;;;70;;;;264;;;;;;;;1242;;;;2807;;;;703;;;;;;;;;;712;;;990
249;2659;3438;1900;2742;28659;44689;25872;41828;;;;;12858;6103;20360;13297;8817;;9346;4906;13649;9202;14285;10339;75542;88171;63513;78161;1620;1821;1575;1680;2230;3390;1826;2718;;;1205;1010;;;1067;;921;941;232;478;;;46;84;;;47;124;;;379;310;;;;;;;;;;;;;;;;;;;113;;;;;;;;59;;;;307;;;;;;;;1087;;;;2888;;;;986;;;;;;;;;;;933;;902
250;3186;3172;2289;2585;27794;42937;24747;39889;;;;;13713;6483;18742;13320;14803;9848;13317;8178;14598;7797;13182;10252;66253;82989;62265;73981;3029;3397;1829;2037;;;1790;3290;;;1090;1044;;;771;;;;277;462;;;62;128;;;40;83;2213;;784;363;;;;;;;;;;;;;;;;;;;157;;;;;;;;57;;;;242;;;;;;;;990;;;;3076;;;;765;;;;;;;;;;526;;;955
251;3121;2979;1867;2448;39055;56719;31440;49232;;;;;17030;8636;23203;16938;9334;5736;10582;6821;21914;15157;24341;19701;73800;82915;65294;75419;2312;935;1287;928;;4444;2462;4176;;;1011;982;;;1103;;;1241;250;519;;;36;70;;;59;96;;;428;348;;;;;;;;;;;;;;;;;;;147;;;;;;;;39;;;;260;;;;;;;;1422;;3659;;4262;;;;836;;;;;;;;;;742;;;1041
252;2185;2626;1569;2138;26268;41290;24981;41149;;;;;14638;7393;17645;13427;9318;5280;10552;6052;19708;17462;16898;15457;56644;72284;51728;65285;2038;2257;1602;1617;;;899;1437;;;665;682;;;965;;;;136;353;230;;113;116;177;877;89;250;1022;;674;455;;;;;;;;;;;;;;;;;;;115;;;;;;;;88;;;;307;;;;;;1621;;1073;;;;4166;;1658;;1513;;;;;;;;;;846;;;848
253;1789;2615;1748;2330;27427;41804;25356;41717;;;;;20137;10866;27522;19169;8264;5007;9425;5537;15031;13159;16430;14067;92508;112956;80335;100308;2834;3468;2168;2351;;;1777;2374;;;1187;1190;;;1208;;;;200;416;;;46;88;444;;122;144;2552;;1609;947;;;;;;;;;;;;;;;;;;;191;;;;;;;;110;;;;405;;;;;;2804;;1790;;;;3399;;2539;;1990;;;;;;;;;;;1266;;1108
254;2484;3051;1754;2161;20901;32778;18290;32077;;;;;15337;8950;19314;12104;8025;3883;7605;3960;9962;8154;10139;7463;69102;87740;64647;82845;2549;3108;1919;2038;;;1725;2170;;;1077;958;;;703;;;;172;311;;;30;68;;;41;80;2385;;1432;623;;;;;;;;;;;;;;;;;;;182;;;;;;;;63;;888;;495;;;;;;1982;;1367;;;;2170;;;;751;;;;;;;;;;297;;;807
255;2191;2609;1497;1718;24977;43541;23937;41464;;;;;18406;10813;26391;17932;10245;5453;10341;5680;17398;11833;14310;11374;82046;99959;72060;91317;4483;4305;3499;3256;;;1013;1879;;;1283;1258;;;1040;;;;344;618;;;36;120;;;96;137;;;1005;634;;;;;;;;;;;;;;;;;;;250;;;;;;;;131;;;;331;;;;;;4291;;2387;;;;3496;;;;938;;;;;;;;;;;;;1158
256;2832;3211;1790;2288;19107;34349;20392;35163;;;;;17464;8943;26018;18144;7842;4707;8735;5030;20093;14162;17753;13712;83181;103030;70559;88875;1314;2212;1202;1404;2092;;1800;1747;;;1200;1425;;;1039;;;;242;477;;;41;73;;;53;103;2606;;1507;705;;;;;;;;;;;;;;;;;;;357;;;;;;;;71;;;;353;;;;;;3150;;2299;;;;2635;;;;983;;;;;;;;;;;;;1072
257;2008;2240;1618;1713;22859;34467;20544;34651;;;;;21115;12640;28362;18841;8822;5055;9369;5185;15030;12241;15668;12225;85429;110880;77911;103806;2814;3655;2262;2612;;;1010;1580;;;1196;1415;;;1018;;;;390;674;;;34;81;;;85;145;5367;;2849;1544;;;;;;;;;;;;;;;;;;;397;;;;;;;;119;;;;334;;;;;;3671;;2728;;;;2951;;;;803;;;;;;737;;;;1388;3029;;1024
258;2992;4414;2194;2598;25364;55393;26656;43391;48518;56243;39482;46703;14514;9599;27557;19697;6601;4255;9439;5607;42116;14870;31076;24805;;;;;1068;987;691;684;;;758;852;;;;443;;;667;;;583;250;433;;;144;171;446;279;150;165;;;;;;;;;;;143;;;;;;;;30;;;;;;;;;;;;60;;;;361;;;;;;;;494;;2350;;3426;;;;;;;;;;;;;;;1443;;880
259;1527;1642;1120;1463;33525;57524;26675;46334;44002;54297;37151;45045;13327;5839;22059;16250;10902;6448;11437;6611;21453;9089;22916;17241;;;;;1673;1616;999;1113;;;1365;1532;;;;624;;;756;;;;263;359;322;376;253;302;373;288;128;146;;;;;;;;;;;217;;;;;;;;43;;;;;;;;;;;;62;;;;336;;;;;;;;444;;1893;;2616;;;;;;;;;;;;;;;1227;;1102
260;1789;1879;1539;1924;36550;63778;34915;56981;82344;96605;61918;75622;23717;9621;38125;27218;9657;4791;11118;5916;24138;13908;25364;20247;;;;;2914;2866;2265;2003;;;1273;2068;;;;1153;;;1089;;;2058;1085;1671;328;452;197;296;;;68;129;;;;;;;;;;;346;;;;;;;;49;;;;;;;;;;;;88;;;;356;;;;;;;;552;;2798;;3861;;;;;;;;;;;;;;;;;894
261;2730;2690;2507;2571;35396;51793;25797;41987;53829;61861;41672;50235;10819;4063;22873;15639;6225;3739;7680;4178;15511;8742;19402;15219;;;;;1768;1897;1069;979;;;1601;2099;;;;758;;;582;;;;275;451;299;;148;183;;;68;74;;;;;;;;;;;239;;;;;;;;50;;;;;;;;;;;;40;;;;210;;;;;;;;351;;;;2051;;;;;;;;;;;;;;;;;578
262;1711;1794;1450;1509;36910;54989;28943;47452;66116;77838;51146;63260;17768;8136;31686;21741;7973;4261;8661;4707;21104;14650;22902;18130;;;;;2647;2569;1411;1300;;;2651;3187;;;;1065;;;787;;;;701;1007;;;88;154;;;94;86;;;;;;;;;;;502;;;;;;;;100;;;;;;;;;;;;59;;;;275;;;;;;;;413;;;;2552;;;;;;;;;;;;;;;;;706
263;2431;2501;1978;2149;33916;50859;26524;44017;55049;67443;42318;53166;13177;5985;24408;17179;8157;5278;9327;5609;14009;6956;17018;13356;;;;;2385;3011;1730;2238;;;1377;1736;;;;1036;;;956;;;;465;728;;;79;183;;;60;85;;;;;;;;;;;261;;;;;;;;46;;;;;;;;;;;;68;;;;325;;;;;;920;;523;;;;2371;;;;;;;;;;;;;;;;;548
264;2288;2923;2045;2574;44071;68120;31431;51024;69575;81488;53864;66983;19793;9344;33634;23836;8627;4296;10511;5593;15379;7645;22834;19440;;;;;2720;2542;1775;1651;;;1503;2067;;;;1121;;;934;;;;907;1221;319;425;140;210;;;70;130;;;;;;;;;;;311;;;;;;;;124;;;;;;;;;;;;94;;;;503;;;;;;1477;;881;;;;2865;;;;;;;;;;;;;;;;;960
265;2560;2709;2140;2333;34718;55972;31079;52063;61328;75355;50274;59291;19431;7499;30179;21054;9800;5168;10382;5829;23966;14228;23090;17956;;;;;2436;2346;1538;1670;;;1548;1783;;;;910;;;943;;971;;608;794;;;109;156;;;64;97;;;;;;;;;;;245;;;;;;;;59;;;;;;;;;;;;70;;;;360;;;;;;963;;628;;;;2995;;;;;;;;;;;;;;;2105;;1332
266;2440;2497;1882;2235;39430;60239;33711;56306;70606;81743;55618;66936;24682;12581;34641;22695;9169;4693;10852;5759;18626;11593;22773;16561;;;;;2798;3259;1941;2188;;;1954;2345;;;;1093;;;1161;;;;905;992;;;60;138;;;85;111;;;;;;;;;;;318;;;;;;;;68;;;;;;;;;;;;108;;;;353;;;;;;1177;;785;;;;3041;;;;;;;;;;;;;;1441;1909;;1246
267;2745;3054;2300;2701;41484;60353;35331;58244;73308;90333;57889;71134;19924;7918;31932;20941;10693;6082;12256;6904;14594;10059;16917;13540;;;;;3657;4157;2622;2980;;;1853;2622;;;;1357;;;1131;;;;912;994;372;550;186;273;;;70;118;;;;;;;;;;;358;;;;;;;;62;;;;;;;;;;;;160;;;;264;;;;;;1656;;1040;;;;3246;;;;;;;;;;;;;;;;;848
268;3239;3915;2698;3412;32606;51836;27907;48634;65474;75371;52745;64572;19839;11513;28688;18806;10938;5578;11554;5933;18132;11577;19829;14959;;;;;3328;3619;2429;2666;;;1444;2271;;;;1286;;;1070;;;2564;1173;2008;;;86;156;;;78;126;;;;;;;;;;;401;;;;;;;;57;;;;;;;;;;;;157;;;;317;;;;;;;;905;;;;2950;;;;;;;;;;;;;;1004;;;608
269;3030;3457;2561;3490;30902;46519;24289;41011;55492;65471;44068;55177;12822;6129;23060;14546;8177;4422;8840;4711;12749;9366;15606;12406;;;;;2404;2178;1578;1580;;;1608;1905;;;;928;;;777;;1240;;909;1144;;;92;127;;;79;119;;;;;;;;;;;276;;;;;;;;56;;;;;;;;;;;;83;;;;329;;;;;;;;533;;;;2229;;;;;;;;;;;;;;311;;;641
270;2504;2699;2189;2489;39951;58375;32195;54873;70599;85134;57878;71995;15604;9146;26534;16892;11775;9162;12351;6771;14226;8794;17732;13017;;;;;2996;;1867;1699;;;2251;2891;;;;1351;;;915;;;;644;937;;;55;149;;;86;109;;;;;;;;;;;397;;;;;;;;66;;;;;;;;;;;;123;;;;314;;;;;;;;827;;;;2830;;;;;;;;;;;;;;1567;;;671
271;3218;4322;2871;3578;37845;58201;29227;47399;53872;61000;40566;48557;11845;6288;24654;17804;10034;6333;11807;7333;21452;13478;26051;21778;;;;;1534;2241;1295;1638;;;544;833;;;;863;;;894;;;;444;469;234;;133;138;;;75;121;;;;;;;;;;;205;;;;;;;;28;;;;;;;;;;;;76;;;;254;;;;;;;;405;;4359;;5008;;;;;;;;;;;;;;316;;;881
272;2030;2609;1855;2336;39021;57983;31160;50046;68951;78578;55285;66466;17668;8182;29292;19680;8569;4446;9935;5649;15506;9599;18066;14962;;;;;2310;2415;1567;1713;;;1228;1360;;;;1237;;;1107;;;1532;896;1166;;;67;85;;;71;109;;;;;;;;;;;406;;;;;;;;48;;;;;;;;;;;;95;;;;263;;;;;;;;390;;;;3307;;;;;;;;;;;;;;506;;;699
273;2991;3171;2339;2734;33279;53604;27376;48869;68652;76326;55806;64460;14235;8105;25553;17081;8935;5313;10093;5931;15404;9092;16649;13099;;;;;2436;2311;1727;1711;;;1013;1539;;;;1083;;;1095;;;;348;530;;;58;89;;;83;107;;;;;;;;;;;316;;;;;;;;58;;;;;;;;;;;;81;;;;321;;;;;;;;378;;;;2538;;;;;;;;;;;;;;;;;633
274;3219;3648;2667;3267;47683;64692;35337;53397;57963;65242;49296;56533;19314;12366;28419;21107;8985;5064;11823;7307;24985;18704;28349;25686;;;;;1652;2369;1318;1655;;;686;810;;;;870;;;958;;;;288;349;;;57;92;;;62;89;;;;;;;;;;;239;;;;;;;;40;;;;;;;;;;;;71;;;;285;;;;;;;;364;;;;3396;;;;;;;;;;;;;;;;;745
275;2338;2478;1932;2275;39845;65730;32627;53295;48137;53513;38435;44641;11782;6579;19900;14283;12520;8984;14936;9507;16648;8293;18052;15587;;;;;2418;;1772;1875;;;987;1590;;;;1073;;;1090;;;;238;391;333;;121;177;;;60;147;;;;;;;;;;;286;;;;;;;;48;;;;;;;;;;;;73;;;;239;;;;;;;;236;;;;3258;;;;;;;;;;;;;;311;;;1027
276;2149;3187;1785;2693;29977;49188;27740;45318;75337;88525;63120;77032;17199;6585;25455;17525;9821;5048;10357;5848;13173;8170;13770;11157;;;;;2876;3291;2015;2388;;;1415;1868;;3461;;2245;;;1139;;;;502;658;;;59;82;;;98;96;;;;;;;;;;;332;;;;;;;;51;;;;;;;;;;;;125;;;;274;;;;;;1538;;1156;;;;2648;;;;;;;;;;;;;;;;;569
277;3375;4112;3040;3594;35426;56346;29356;47142;59755;72382;49922;60850;17833;6931;26191;18332;10596;5300;11078;6301;14952;8876;16723;14574;;;;;2725;2987;1894;2168;;;979;1270;;;;1139;;;1060;;;;489;652;;;49;81;;;65;92;;;;;;;;;;;328;;;;;;;;66;;;;;;;;;;;;95;;;;267;;;;;;;;406;;;;2970;;;;;;;;;;;;;;;;;626
278;2928;3061;2277;2656;32525;51873;27934;46173;64659;72516;50031;60845;15785;7210;26626;17619;9995;4776;10723;6075;12082;6503;14084;11271;;;;;2903;3012;1825;2177;;;1642;1764;;2923;;1897;;;1301;;;;385;443;;;65;125;;;70;97;;;;;;;;;;;357;;;;;;;;48;;;;;;;;;;;;85;;;;254;;;;;;;;384;;;;2976;;;;;;;;;;;;;;;;;689
279;3452;3562;2611;3200;34944;57135;30652;51706;62224;77861;52771;65153;24640;12296;30192;21025;10353;6439;11279;6676;15236;8992;17556;14023;;;;;3172;3280;2029;2083;;;1439;1922;;;;1271;;;1211;;2218;;1374;1416;;;73;144;;;67;105;;;;;;;;;;;450;;;;;;;;64;;;;;;;;;;;;148;;;;337;;;;;;;;412;;;;3048;;;;;;;;;;;;;;;;;842
280;3120;3439;2805;3076;28255;45838;24450;40263;64808;74513;53358;65367;17528;11449;28260;19478;9136;4813;9537;4942;13460;8023;14464;12163;;;;;1915;3117;1813;2229;2172;;1955;2192;;;;1204;;;1023;;2661;3567;1698;2646;;;72;123;;;68;107;;;;;;;;;;;325;;;;;;;;51;;;;;;;;;;;;70;;;;277;;;;;;;;464;;;;2390;;;;;;;;;;;;;;;;;661
281;2877;2633;2537;2578;51192;73278;32691;50480;44749;55922;42224;48254;12674;6180;21887;14845;9675;6964;13793;8009;33878;17809;35536;37082;;;;;890;1427;764;1068;1063;;981;763;;;;809;;;1165;;;;581;502;;;88;157;;;49;87;;;;;;;;;;;369;;;;;;;;56;;;;;;;;;;;;78;;1023;;658;;;;;;;;474;;;;4289;;;;;;;;;;;;;;;874;;803
282;2537;2556;1998;2151;49591;72553;33953;58577;58282;66109;49707;57872;16932;8070;26425;16674;9268;5116;10802;6372;16151;10474;23904;20989;;;;;2106;2300;1271;1491;;;1333;1630;;;;1052;;;1124;;1498;1519;987;1128;;;57;124;;;55;102;;;;;;;;;;;508;;;;;;;;51;;;;;;;;;;;;77;;;;323;;;;;;;;422;;;;3116;;;;;;;;;;;;;;;;;735
283;2864;3411;2577;2806;35339;57250;29740;51187;61427;70646;50594;59587;14470;7380;24135;16140;10238;5419;11134;6213;22429;14050;21332;18349;;;;;2022;2444;1310;1708;;;986;1223;;;;1348;;;1425;;;;584;757;;;38;70;;;56;123;;;;;;;;;;;399;;;;;;;;298;;;;;;;;;;;;86;;;;355;;;;;;;;523;;;;3029;;;;;;;;;;;;;;;;;756
284;3557;3793;3458;3521;27052;46271;24662;43430;65336;74953;52083;61181;15454;7552;24887;16864;10129;5834;10742;6398;17460;10415;18247;14479;;;;;2069;2487;1506;1896;;;914;1472;;;;1362;;;974;;;949;444;701;;;42;73;;;75;94;;;;;;;;;;;453;;;;;;;;93;;;;;;;;;;;;97;;;;417;;;;;;;;430;;;;2605;;;;;;;;;;;;;;1030;;;593
285;3305;3447;3164;3365;22388;39405;22550;39596;66104;78062;53547;67326;24395;13768;30249;19357;8140;;8753;4693;11503;9064;12924;10539;;;;;3006;3681;2298;2297;;;1126;1655;;5473;;2540;;;1022;;;;782;1113;;;45;92;;;110;161;;;;;;;;;;;502;;;;;;;;140;;;;;;;;;;;;131;;;;294;;;;;;2039;;1498;;;;2396;;;;;;;;;;;;;;;;;763
286;3816;3804;3024;3125;21835;38925;20374;35077;54172;64716;41694;53146;15292;7819;23812;16300;7158;;7837;4512;13034;9314;13344;11103;;;;;2881;3639;1978;2127;;;553;1041;;;;1038;;;937;;;1682;694;1170;;;80;158;;;61;99;;;;;;;;;;;287;;;;;;;;166;;;;;;;;;;;;100;;;;254;;;;;;;;455;;;;2111;;;;;;;;;;;;;;;;;717
287;2983;3293;2618;2900;29713;46713;26047;44123;59256;64745;43844;55279;20335;15504;29372;20274;8943;5420;9344;5665;17439;13065;20482;17958;;;;;1688;2129;1309;1561;;;533;840;;;;944;;;1319;;;;419;541;;;62;123;;;60;129;;;;;;;;;;;490;;;;;;;;116;;;;;;;;;;;;83;;;;444;;;;;;;;465;;;;3298;;;;;;;;;;;;;;;;;720
288;2793;3053;2480;2472;35026;49759;23058;39923;50967;62042;45201;55509;13686;7959;22993;14549;7100;;7765;4325;13091;9556;16971;14624;;;;;1667;2235;941;1122;;;1190;1456;;;;1012;;;869;;;1433;574;815;;;38;84;;;67;99;;;;;;;;;;;370;;;;;;;;48;;;;;;;;;;;;74;;;;338;;;;;;843;;611;;;;2244;;;;;;;;;;;;;;349;;;597
289;2689;3453;2066;2322;31395;49715;25770;45514;60753;75189;48400;59038;18203;8227;28740;21090;8452;5023;10060;5428;19871;11926;21392;16374;;;;;2491;2500;1820;1653;;;1283;1862;;;;1020;;;854;;;;585;802;491;484;190;245;;;75;85;;;;;;;;;;;466;;;;;;;;81;;;;;;;;;;;;96;;;;264;;;;;;;;406;;;;2793;;;;;;;;;;;;;;787;;;652
290;3394;3343;2562;2644;28501;55513;26823;42318;55188;62391;43603;51392;13680;5446;24233;16382;9801;4759;11185;6209;30560;14219;26939;23612;;;;;2078;2147;1452;1390;;;1122;1864;;;;938;;;870;;;;525;761;;;140;140;;;63;114;;;;;;;;;;;372;;;;;;;;42;;;;;;;;;;;;73;;;;318;;;;;;814;;633;;;;3648;;;;;;;;;;;;;;1075;875;;505
291;2199;2661;1855;2386;35875;55352;28426;48274;67798;82007;57158;70893;18273;8591;28708;19059;9605;4826;10644;5495;21477;12635;22889;17803;;;;;2510;2770;1792;2117;;;1210;1660;;;;1384;;;1087;;;;646;846;309;;161;201;;;97;153;;;;;;;;;;;525;;;;;;;;77;;;;;;;;;;;;130;;;;392;;;;;;;;859;;;;4306;;;;;;;;;;;;;;2558;2067;;758
292;3268;3682;2566;3287;26275;23508;15742;26582;48662;65280;49688;63435;17233;9284;21665;13532;6117;2692;6636;3204;11176;17063;12524;9610;;;;;2389;2624;1401;1567;;;1289;2226;;;;1506;;;879;;;;413;502;;;40;76;;;77;155;;;;;;;;;;;382;;;;;;;;60;;;;;;;;;;;;100;;;;277;;;;;;1760;;1536;;;;2277;;;;;;;;;;;;;;414;2343;;549
293;3263;2611;2303;2461;23587;36868;20080;35278;54169;63447;44205;53640;16521;6977;24483;15825;7077;3601;7775;4169;17349;13999;16962;14439;;;;;1771;1765;1277;1261;;;628;946;;207;;999;;;813;;;926;344;647;;;57;94;;;57;79;;;;;;;;;;;402;;;;;;;;148;;;;;;;;;;;;67;;;;444;;;;;;;;705;;;;2441;;;;;;;;;;;;;;;;;610
294;2181;2003;1767;1806;22530;35480;19969;33686;56931;69304;48146;60909;17946;7781;23997;15948;7918;3846;8428;4248;18639;15959;18408;15436;;;;;2006;1790;1250;1114;;;944;1542;;282;;1466;;;883;;;811;493;758;;;74;73;;;86;120;;;;;;;;;;;480;;;;;;;;115;;;;;;;;;;;;76;;;;444;;;;;;;;1965;;;;2404;;;;;;;;;;;;;;1048;532;;599
295;3110;2508;1966;2394;21695;36265;20001;34864;62858;76504;49774;65601;17220;7710;27454;16568;8292;4099;8763;4468;11802;7819;12571;9517;;;;;2895;2839;2036;1884;;;1527;2290;;3064;;1763;;;956;;;;600;918;;;137;235;;;65;95;;;;;;;;;;;385;;;;;;;;86;;;;;;;;;;;;114;;;;297;;;;;;;;572;;;;2477;;;;;;;;;;;;;;2431;;;687
296;3243;3583;2621;2993;43737;53035;34528;51231;45748;47057;38317;41846;10597;5266;17651;12502;31946;41428;34666;33021;9696;5576;12685;12517;;;;;1967;2434;1737;2823;;;;;;3072;1596;2614;;;;;;;;;323;223;112;217;;;;;;;;;;;;;;;;;;;;;;;;;;;;;;;;;;;;;;;;;;;;;;;;;;;2536;;;;752;;;;;;;;;;;;;1323
297;2699;3305;2133;3302;51193;67981;37749;55839;58297;60495;50566;53774;11516;5867;19643;12789;24244;22956;31057;30142;8342;4915;10194;9014;;;;;2025;2802;1874;2872;;;;;;3321;2013;2874;;;;;;;;;;;48;183;;;;;;;;;;;;;;;;;;;;;;;;;;;;;;;;;;;;;;;;;;;;;;;;;;;2188;;;;861;;;;;;;;;;;;;995
298;4022;4695;3446;4550;42910;56256;35506;50048;55727;55358;48373;50000;9486;5482;15094;10127;22965;20838;26775;25286;6058;4085;7507;6925;;;;;1835;2498;1629;2502;;;;;;4300;2273;3307;;;;;;;;;;;42;140;;;;;;;;;;;;;;;;;;;;;;;;;;;;;;;;;;;;;;;;;;;;;;;;;;;1853;;;;664;;;;;;;;;;;;;951
299;3814;5179;3079;4710;44500;63167;36681;54083;48092;51579;42033;45447;10508;5413;17039;11770;27933;24287;31382;28640;6575;4400;9164;9033;;;;;2206;3186;2159;3262;;;;;4102;5246;3030;4207;;;;;;;;;;;50;146;;;;;;;;;;;;;;;;;;;;;;;;;;;;;;;;;;;;;;;;;;;;;;;;;;;2043;;;;797;;;;;;;;;;;226;;1068
;3131;4161;2669;4009;;;;;;;;;;;;;;;;;;;;;;;;;;;;;;;;;;;;;;;;;;;;;;;;;;;;;;;;;;;;;;;;;;;;;;;;;;;;;;;;;;;;;;;;;;;;;;;;;;;;;;;;;;;;;;;;;;;;
